sample_id	adeA	adeB	adeC	adeI	adeJ	adeK	adeR	adeS	blaOXA-23	blaOXA-69	crr_adeA	crr_adeB	crr_adeC	crr_adeI	crr_adeJ	crr_adeK	crr_adeR	crr_adeS	crr_blaOXA-23	crr_blaOXA-69
ERR110067	1	1	1	1	1	1	1	1	1	1	0.997132856183539	1.0050943276120117	1.0272637958938586	0.9823705592574488	0.971436616545226	0.9780646580822168	0.9306213823167332	1.0273600242086578	0.0	0.9806463438071013
ERR110081	1	1	1	1	1	1	1	1	1	1	1.1416977752980852	1.024044995988651	1.040823483353715	1.0962686376153377	1.07474292333549	1.041467354910824	0.9603454681877724	1.0620187351515364	0.0	0.9354444577681872
ERR110082	1	1	1	1	1	1	1	1	1	1	1.1053114287235557	1.0752238642395484	1.0992837732355114	1.0153309244254578	0.9522750714381986	1.1140811274721047	1.0874258563754915	1.061224268433484	0.0	0.9086534502640554
ERR110086	1	1	1	1	1	1	1	1	1	1	1.024719869616795	1.045564929750317	1.0711909805775173	0.945246136269094	1.019389459402242	1.022085789183146	0.9010107564202954	1.0096687568374247	1.556008867252064	1.0865796828071392
ERR110098	1	1	1	1	1	1	1	1	1	1	1.0856688982763896	1.0146548049823876	0.963630619862646	1.0067401156800593	1.001437679683666	0.9855652402199784	0.8984416249936316	1.0426805159857342	0.0010320720960639	0.9400324443743008
ERR110100	1	1	1	1	1	1	1	1	1	1	0.9629730807963784	0.998053187500242	1.0198500082043775	1.127400921217607	1.012587096311498	0.990731237605724	0.9526716185589372	0.952641957976988	0.0007449333055959	0.99658418155685
ERR110102	1	1	1	1	1	1	1	1	1	1	1.0501642296580909	1.0261949710209477	1.0760802925628172	1.0151341680384929	1.0088637086219143	1.0222410497319594	0.8805829986502098	1.001758150397161	0.0035445158176486	0.9329911286847842
ERR119657	1	1	1	1	1	1	1	1	1	1	0.9742496859811456	1.0084579324985188	1.014868908428597	0.9645972338978184	0.9189200944587927	0.9253479174919892	0.9896712017862168	1.054359311253554	0.0006253538708873	0.957328188720129
ERR119659	1	1	1	1	1	1	1	1	1	1	0.913470146145129	0.992294778910594	0.9413703713544602	0.94626123760585	0.9582143855283688	0.9478144168706624	0.9310388531159992	0.9957658622204106	0.0046999709059352	0.9537390478700604
ERR119660	1	1	1	1	1	1	1	1	1	1	0.9542584934740632	0.9935750097576602	0.970918398211044	1.0012900591654883	0.9728026047581262	0.9275604651817144	0.9648319558651332	1.0129888655634551	0.0	0.9561204064101076
ERR119664	1	1	1	1	1	1	1	1	1	1	1.0207043027174896	1.0252622620145322	1.038430686815693	0.9927399504548392	0.977378216361267	1.010241809576504	0.9987133572162652	1.0173720052251427	0.0016613339011922	0.8964071721452451
ERR119668	1	1	1	1	1	1	1	1	1	1	1.052735963456296	1.0034976264204911	0.9647044540424208	1.0357409467647878	1.0136486044733934	0.9920340278886142	0.8993882624275331	0.978499729841546	0.0	1.0037551205014503
ERR119670	1	1	1	1	1	1	1	1	1	1	1.0478072250614527	1.062645952425711	1.0344918472609956	1.0152209690049063	0.9882732104649798	0.9805495861002236	0.9116130048946044	1.1136071295455765	0.0004256700559089	0.9976794989755372
ERR119671	1	1	1	1	1	1	1	1	1	1	1.02699394270359	1.0755908962006586	1.1410608588028717	1.0621833589482126	0.9565251759707885	0.9399334940023732	1.0555732019315236	1.1230948592088623	0.0	1.0138114997197858
ERR119677	1	1	1	1	1	1	1	1	1	1	0.9782281232566592	0.9665628965258062	0.9680305822269136	1.0690458362075583	1.078698035640672	0.9942075897555346	0.8885078550168914	1.004082205542509	0.2242892048183797	1.0085374585940348
ERR119679	1	1	1	1	1	1	1	1	1	1	1.013777403907902	1.0175042154255347	0.9725700668347808	1.0059089149488751	0.9522266089018168	0.912076497020226	0.9519252058752716	1.0305068246815658	0.0	0.9332442986554242
ERR190414	1	1	1	1	1	1	1	1	2	1	1.183316275101158	1.145306717922529	1.1746756979680513	1.027957723197678	1.172660047376398	1.2171599120970482	1.08005062602286	1.3050454953599393	2.513417809672699	0.987097004180959
ERR190415	1	1	1	1	1	1	1	1	1	1	1.1706643191917268	1.1271553744415208	1.1301431582306118	1.043289437872495	1.1093088597953575	1.0863254618131235	1.07509036154987	1.3177373539981476	1.10028515123493	1.0862498729272858
ERR190417	1	1	1	1	1	1	1	1	2	1	1.1414657584374	1.0911143344079934	1.189792591648159	1.1116114765291578	1.1755183483182847	1.1844225485337945	1.0173039364987753	1.1580996710279683	2.4296578114620067	1.0482467571770149
ERR190418	1	1	1	1	1	1	1	1	1	1	1.0384479253876973	1.1652131100611638	1.3539223148647812	1.0228230325685812	0.98417569332771	1.1130350154152773	1.080235508391041	1.3967255401203602	1.2755583086867317	1.1057918488152356
ERR190419	1	1	1	1	1	1	1	1	1	1	0.0	0.0006422501197162	0.0038531154060587	1.122627869313502	1.0969578969216656	1.1360929620062794	0.0022293800659483	0.0	1.29158860261595	1.0651460031722353
ERR190420	1	1	1	1	1	1	1	1	1	1	0.0	0.0015827095090577	0.0	1.1524543949665471	1.2014358601305462	1.2312713568108795	0.0059655080271915	0.0080223444506955	1.4170226410657547	1.0759640758113889
ERR190421	1	1	1	1	1	1	1	1	1	1	1.1275068973093536	0.8391815855505336	0.0	1.1339271899710337	1.197234490409338	1.27277152787638	0.9981743479003063	1.2782744814645226	0.0978053753234935	1.024484757766953
ERR190422	1	1	1	1	1	1	1	1	2	1	0.0046722648119664	0.0013451961430766	0.0	1.1172439252699071	1.1137830060799567	1.154045406980272	0.0050671336781261	0.0011680441353707	2.78896470623865	1.140351189753638
ERR190423	1	1	1	1	1	1	1	1	1	1	1.2224956644828875	1.1501222614713926	1.2529003758711563	1.145484974434312	1.1527329389348004	1.239348509005956	1.0738970352080566	1.2550051601851	1.3226168668077125	1.1619087288362362
ERR190425	1	1	1	1	1	1	1	1	2	1	1.160997862132313	1.1707226724149753	1.115692007153265	1.1065715826020903	1.097093445295945	1.16616980317687	1.0660076216720755	1.4448898497407008	2.362984817161524	1.1327300347371818
ERR190428	-1	-1	-1	-1	-1	-1	-1	-1	-1	-1	1.4360435284673605	0.8217395267037425	0.422316091898197	1.7905848873884247	1.4044777533403012	2.13750747005504	2.131263391753568	1.4358376775458008	1.0263529871998585	0.6893740887704872
ERR190430	1	1	1	1	1	1	1	1	1	1	1.1028310014885885	1.214257314491253	1.252990243198337	1.0437009344631962	1.0704926652045723	1.1572693178698523	1.0900945894417924	1.3557655495620378	1.250340103179032	1.0608565134436836
ERR190432	1	1	1	1	1	1	1	1	1	1	1.2041082713680755	1.1558944522114825	1.2551572965463051	1.0833558698161656	1.207369118499844	1.243555594673552	1.1880410915284725	1.3001722187772355	1.3153913393879593	1.1954939313825788
ERR190433	1	1	1	1	1	1	1	1	1	1	1.152798567447398	1.1176005096476316	1.2662456822973245	1.152487643391812	1.1932562452607014	1.2281275937374267	1.1019990827186184	1.2405381439039058	1.343944968610859	1.102059599182882
ERR190434	1	1	1	1	1	1	1	1	1	1	1.1744474377826386	1.1818025453411636	1.2125966369872565	1.1815745479588269	1.1980532182717163	1.1537205290750463	1.076473754755939	1.2901700109902046	1.26970955007726	1.0218353538039358
ERR190435	1	1	1	1	1	1	1	1	1	1	1.150732014209802	1.1274870207470853	1.2236359899675306	1.067155711058759	1.1640540698948207	1.2226724823805863	1.1209515980202116	1.2757747739557117	1.3828536301059031	1.033949805079634
ERR190436	1	1	1	1	1	1	1	1	1	1	1.169322108633534	1.158514592650588	1.272063282709075	1.222205070808988	1.2037058125767093	1.158018315995064	1.140955867853937	1.2414456812893648	1.2857176271911614	1.1011299725909034
ERR190437	-1	-1	-1	-1	-1	-1	-1	-1	-1	-1	0.8943720445444121	1.309719576600696	0.3192006125854029	2.283709274080199	1.2310194341410086	1.3523181685228125	0.8671093393105933	0.6387119076762615	0.12905748181476	0.5183041452071564
ERR190438	1	1	1	1	1	1	1	1	1	1	1.205520815063276	1.157030044247661	1.1728655740941192	1.1417604070413117	1.1852447350075743	1.2787679318363143	1.0781529933594234	1.2077797377733046	1.3300199073242802	1.0623712365307465
ERR190439	-1	-1	-1	-1	-1	-1	-1	-1	-1	-1	0.0	1.972609909281207	2.626740947075181	1.7696457893502044	1.3280479210711629	0.0	1.7531954450383265	1.754010695187147	1.771307818736774	0.0
ERR190440	1	1	1	1	1	1	1	1	1	1	1.241663879207971	1.1732542393821177	1.196442832752442	1.130940946129357	1.1649066174392415	1.194170211278696	1.0704854559975847	1.4071515276077058	1.415226047852825	1.093797192377047
ERR190441	1	1	1	1	1	1	1	1	1	1	1.089878063499824	0.8051792431660951	0.0073872641520644	1.0973746338027577	1.1832141452217595	1.2302003712321588	1.0015290713294849	1.2501125610451718	0.0136847653346333	1.150940147917198
ERR190442	1	1	1	1	1	1	1	1	1	1	1.3103871373332243	0.8192597663206252	0.003694206436831	1.080213991535916	1.1507153290053709	1.0886256128314904	1.139914404202253	1.208072690367323	0.0149452069790592	1.0825241182590186
ERR190443	1	1	1	1	1	1	1	1	1	1	0.0073411645139428	0.0011682646616172	0.0	1.1374871550274783	1.1768325166460858	1.274041416787128	0.0010568352077497	0.0	1.2784811019344944	1.2338856391988329
ERR190444	1	1	1	1	1	1	1	1	1	1	1.0125582717913293	1.1530635536705964	1.30790362300937	0.9629027905051666	1.0281861435085646	1.1207360117508287	1.0607690843368784	1.5256519776326585	1.305579289285238	1.182546208917426
ERR190446	1	1	1	1	1	1	1	1	1	1	1.1920722144905411	0.873924257750717	0.0	1.1853008231377504	1.2945072437948388	1.321969428213126	0.9376999209594128	1.0720445353578103	1.552154274104061	1.1780486340210017
ERR190447	1	1	1	1	1	1	1	1	1	1	1.1694167909367132	0.8336021758130695	0.0	1.1691532103060058	1.189486117678136	1.153858678187725	0.9822715375974556	1.0355729123270003	0.0029352364507366	1.1859310871742152
ERR190448	1	1	1	1	1	1	1	1	2	1	1.230918465452717	1.1805347100631514	1.2095737266136068	1.1161531524366908	1.1810325298543485	1.252815412712433	1.066212555179747	1.3075981836152717	3.758336843744505	1.0437813217353875
ERR190449	1	1	1	1	1	1	1	1	1	1	1.1392736095431657	0.8534475073022378	0.0	1.1587613667107692	1.1488788887109758	1.2896872546892617	1.0351178936658665	1.2799748475086872	0.0043626701338194	1.1355667142203114
ERR190450	1	1	1	1	1	1	1	1	2	1	1.1799637795882942	1.1285399314596838	1.229339719645429	1.141561859931831	1.1458333788051187	1.2051275079202808	1.1095433360109006	1.3228216198847065	3.818596636656394	1.0558381985001883
ERR190451	1	1	1	1	1	1	1	1	1	1	1.2535640923682552	1.1928075009131414	1.469395563425505	1.1450186658879822	1.1732615426208342	1.2023631635316083	1.133755322417236	1.2727247388252287	1.2895285896516355	1.121364365033234
ERR190452	1	1	1	1	1	1	1	1	2	1	1.1711201465632908	1.1702085967595846	1.176948861267672	1.0668830178257571	1.2055611498002	1.2203118088358471	1.056952518771929	1.2328108468430656	4.067313152882866	1.066710230194748
ERR190454	1	1	1	1	1	1	1	1	2	1	1.268288877050579	1.1831685415734452	1.2169564516131692	1.153288697944474	1.2511581789451545	1.2147368715637323	1.082495903218029	1.242683386460283	2.549130406987394	1.0540981846394144
ERR190455	-1	-1	-1	-1	-1	-1	-1	-1	-1	-1	1.5207049473017349	0.4886625561830129	0.2171560161197469	1.0872823705753498	0.8153302567060866	2.174690112424332	1.7377483443708626	0.6515055558754109	0.0	1.7706841919962453
ERR190456	1	1	1	1	1	1	1	1	1	1	1.2120502383358656	1.1133095258038304	1.221381115350079	1.1607683706081393	1.152502787209989	1.2216221869376522	1.128076502038038	1.349008140622673	1.2980796192008126	1.096248428680605
ERR190457	1	1	1	1	1	1	1	1	2	1	1.1805061698739925	1.1529863818996766	1.122014876725304	1.1503982087934752	1.2562882408889169	1.203169577424799	0.99967245860121	1.3091614663006077	4.188150574368479	1.2534898765965254
ERR190458	-1	-1	-1	-1	-1	-1	-1	-1	-1	-1	0.0	1.0177841215955588	1.1627172195892608	1.3188298822889593	1.3561773057922004	0.2934152697289106	0.0	2.0364028998920314	2.2059339545401437	0.7428706475500252
ERR190459	1	1	1	1	1	1	1	1	1	1	1.221895969177997	1.1608070560533783	1.2750081490429337	1.170814658100858	1.1913558553264476	1.152871140888646	1.1234071994440182	1.2815847476522824	1.2806902004945289	1.1313944173642363
ERR190461	1	1	1	1	1	1	1	1	1	1	1.2039219879364016	1.1062803291025505	1.13778946488922	1.1037241355868488	1.1774998131962502	1.2828149091575094	1.138666778314836	1.2076613075798497	1.254590506803401	1.0099470852014143
ERR190462	1	1	1	1	1	1	1	1	1	1	1.2665829237554902	1.071710522068187	1.2206575320344093	1.1477993199565228	1.2646554751698311	1.3644788405451929	1.0994116299683137	1.0950088201811516	1.411030664094173	1.0814647734976868
ERR190464	1	1	1	1	1	1	1	1	1	1	1.1919364950495877	0.786294097628132	0.0	1.2094112927976397	1.1870858205132957	1.2818408934743135	0.8858514316965296	1.1991744533957411	0.002398976132942	1.0879493704863898
ERR190466	1	1	1	1	1	1	1	1	1	1	1.1518550477090517	1.17970846368448	1.1862659772173827	1.0876114168982178	1.223065532782282	1.1954986749169123	1.222759441625282	1.3789473028199415	1.3091715882598527	1.1782673858126989
ERR190467	1	1	1	1	1	1	1	1	1	1	1.0910184610053175	1.1012964970183945	1.1297138164899525	1.1099687666206666	1.198811816266218	1.3556834342687896	1.011576805771306	1.1869221069281135	0.0060711570253679	1.2007783997580286
ERR190468	-1	-1	-1	-1	-1	-1	-1	-1	-1	-1	0.9567229954662154	1.2260703291123132	1.4356762243085466	1.92787094713304	1.0238574624480632	1.084669946961464	1.4354030570178171	1.076552292763363	0.2424398238904771	0.9801221255034404
ERR190469	1	1	1	1	1	1	1	1	1	1	1.157177484526768	1.093330793148109	1.2921692204027082	1.1463993832714443	1.114392595608404	1.191951090891338	1.0463578582770272	1.348078113721855	1.333012320505586	1.1179908838439554
ERR190470	1	1	1	1	1	1	1	1	1	1	1.0762195811070827	0.8214884730284434	0.0109041477080818	0.9939309397799824	1.030142523204442	1.0452605979366123	0.9525780708406718	1.276423070116136	0.0129219009693409	1.0875418434002784
ERR190471	1	1	1	1	1	1	1	1	1	1	1.1428041695994724	0.8777525450232323	0.0052771156894918	1.1804008874134146	1.145838782633117	1.3081721783367932	1.0633684911140522	1.3898357475019854	0.0133789772564107	1.0471506675301696
ERR190472	1	1	1	1	1	1	1	1	1	1	1.2976336420818069	1.1506550646162814	1.251585769985906	1.1553750027802543	1.2513309023857768	1.3707248763691335	1.0209382249440844	1.3181864030449215	1.2866374847826825	1.222927198573645
ERR190473	1	1	1	1	1	1	1	1	2	1	1.2873180292014317	1.1232664522767628	1.2113691975183205	1.1613495146967572	1.180648498147002	1.2077655098383886	1.0948982363329	1.135317255209557	3.949627490004874	1.051633244627059
ERR190474	1	1	1	1	1	1	1	1	2	1	1.2855258490603338	1.1794016535337848	1.2350456504409677	1.1935662497277668	1.2471872151601648	1.2870231930531335	1.003883402560573	1.154113332326728	3.9271101366204575	1.2145300646307144
ERR190475	1	1	1	1	1	1	1	1	1	1	1.1730303355291722	1.1162750799630374	1.2463901405880515	1.1672516525708376	1.199914419325104	1.212904901452752	1.0226218562515634	1.207749029794883	1.2650253842363754	1.089254939922998
ERR190476	1	1	1	1	1	1	1	1	1	1	1.1508515419909549	0.8792176096704968	0.0012357740176911	1.1615980269365007	1.2427278878839372	1.3543023745274605	1.1323438387897666	1.3717474078503555	0.0024953085043819	1.1306248736880842
ERR190477	1	1	1	1	1	1	1	1	1	1	1.243065701496311	0.832318964513017	0.0014203281657483	1.0869657529341878	1.1789965099971782	1.1495350920118732	1.046793779725529	1.249019700996009	0.0	1.1186488369763683
ERR190478	1	1	1	1	1	1	1	1	2	1	1.2009779459524197	1.0864797332325271	1.2170881927201045	1.1182210688868568	1.183492151856005	1.2636601477158391	1.0039577547769891	1.3110117616035524	3.941810806118889	1.194854212754212
ERR190479	1	1	1	1	1	1	1	1	1	1	1.214174452751681	1.146711035306646	1.194898647120898	1.097052467045629	1.144141937424654	1.1718938594160568	1.1706402327147858	1.2086268376698357	1.3543345536363909	1.2170399759553827
ERR190480	1	1	1	1	1	1	1	1	1	1	1.2286024299457012	1.172139495638018	1.2873189140730228	1.112750955252591	1.279973571803644	1.290591042459554	0.9962324801152792	1.2974467047885545	1.308491986369268	1.1284342085993329
ERR190481	1	1	1	1	1	1	1	1	1	1	1.330096349150642	0.8522279710698174	0.0014940475522925	1.1750026731152186	1.2142405975727777	1.302623333593096	1.0785746020390103	1.3690216671411617	0.0030528420562382	1.1046704491297377
ERR190482	1	1	1	1	1	1	1	1	1	1	0.0596265019838547	0.4544136751184285	1.2289249721415243	1.064912061291499	1.0216985398477194	1.1243443937047282	0.0361606092792116	0.837095831322653	1.2725410645861548	1.1886365219843391
ERR190483	-1	-1	-1	-1	-1	-1	-1	-1	-1	-1	1.075468484574599	1.0272187083551068	0.226393052815424	1.2040281959653054	1.157554988237344	1.090876463811287	1.2620630382359903	1.3581078721131776	2.057109408943859	1.772725340594603
ERR190484	1	1	1	1	1	1	1	1	1	1	1.187681818016272	1.155973555765772	1.203270690229973	1.162381159315522	1.195564681881412	1.2450899470762296	1.1749879446110596	1.259625485948744	1.3632054965803484	1.0467323700902964
ERR190486	2	1	1	1	1	1	1	1	2	1	1.8935070983812037	1.1415449839996965	1.2571685004354003	1.3425152849875166	1.2332536225859407	1.2548818468907132	1.039191241385107	1.5090455493367334	2.5301092547259194	1.2657506055517562
ERR190487	-1	-1	-1	-1	-1	-1	-1	-1	-1	-1	1.3308711977546197	0.8914557601328952	1.0644561726874602	1.4953637119044385	1.1401580297484992	0.8718052425569921	1.322768430960517	1.4634634190299194	1.2082445084393152	0.9170228767928904
ERR190488	1	1	1	1	1	1	1	1	1	1	1.2410276674367289	1.1840349720724808	1.3201287206082948	1.1294804703322303	1.1614614793632587	1.244666793029248	1.130709315581523	1.2653408424080714	1.2443107208498208	1.2329053298404458
ERR190489	1	1	1	1	1	1	1	1	2	1	1.2030464496810258	1.2331428592830962	0.9091716148640544	1.0111297480824109	1.2118700325235203	1.2421465629703905	1.1698237076400346	1.1884303451155815	2.183964655592926	0.9043273494530236
ERR190490	1	1	1	1	1	1	1	1	2	1	1.217231873716098	1.134231174661437	1.1167009350335684	1.1347584729031546	1.189961687234589	1.2134417369470334	1.027463155765618	1.281448273610301	2.4497067882507717	1.1336388788077003
ERR190491	1	1	1	1	1	1	1	1	2	1	1.2346152642924475	1.2018313722335017	1.2660169035551951	1.0435785369458774	1.25441201256844	1.3046897789620746	1.113520319404835	1.315610095050805	2.598596539882954	1.018269849097481
ERR190492	1	1	1	1	1	1	1	1	1	1	1.1980822839798022	0.8756552883935268	0.0	1.0998104951262229	1.13736753440797	1.1488042675319854	1.059348033157104	1.285554574630687	0.0009599606702215	1.1751307599712284
ERR190493	1	1	1	1	1	1	1	1	2	1	1.2729809051217094	1.153014625176489	1.1456895691869715	1.1822570934593448	1.2292105803364457	1.2116454071156608	1.1217019714012797	1.312757678453946	2.6849344073510166	1.0549900069733416
ERR190494	1	1	1	1	1	1	1	1	1	1	1.269661823626281	1.1956450388115711	1.172582463271859	1.2215456749576452	1.1763571997213649	1.2752527758625791	1.1297042571292264	1.2286975954135169	1.4181948777227036	1.0940606845553211
ERR190495	1	1	1	1	1	1	1	1	1	1	1.2172483050458054	1.1878011723968052	1.2030771160010985	1.1058560698933708	1.196100711368466	1.2943817016512111	1.1358986527367334	1.369703285670173	1.2448062554085126	1.1414052000982464
ERR190496	1	1	1	1	1	1	1	1	1	1	1.35914722706541	1.1833477732866784	1.2108835267670022	1.1487424756173006	1.2326640657780463	1.1955997799220903	1.103844288056304	1.2349196091685266	1.375737739364003	1.157736588301914
ERR190497	1	1	1	1	1	1	1	1	2	1	1.715936357506398	1.3434675639534928	1.1521554918233483	1.3657919257056506	1.1861533508086604	1.1879693036505097	0.7405840525474644	1.593681029867115	3.0399597110899035	1.475186900931486
ERR190498	1	1	1	1	1	1	1	1	2	1	1.094983169458786	1.07922911234298	1.141823098153364	1.0502533768910562	1.2250191201487903	1.1780936458128022	0.990516740114428	1.1951064251579986	2.7023538717800992	1.0097900097347237
ERR190499	1	1	1	1	1	1	1	1	2	1	1.2211167436437975	1.207244955439851	1.33832093796828	1.17018416960539	1.216085485293097	1.3230191804721017	1.1667984553545696	1.2557711648142738	2.594752718262044	1.1959397399777807
ERR190500	1	1	1	1	1	1	1	1	2	1	1.1642932366444083	1.2495960240882336	1.2542133812485643	1.0883050825697012	1.176821858503057	1.1276411976514735	1.050137191237183	1.4251584125771597	2.581769829060889	1.0898670829117474
ERR190501	1	1	1	1	1	1	1	1	2	1	1.1512723610881102	1.1725812388659065	1.256336644558735	1.1770890127229912	1.203718941469457	1.2690776719387993	1.1056131196348218	1.3151609222114735	2.457796834743383	1.1378505206711793
ERR190502	1	1	1	1	1	1	1	1	1	1	1.0038047301470563	1.010434582228626	0.9812479318879636	1.0553109290711409	1.0268111608735493	0.9703654974142352	0.9811482760522932	0.9975038048144632	0.5307623077148984	0.8596883036357015
ERR190503	1	1	1	1	1	1	1	1	1	1	0.8697070404534573	0.971477552578178	0.9762244767329834	0.972563464981459	1.0032022725851522	0.9533190523108968	1.002049158850056	0.8899420738435241	0.4737276970803255	0.9735888992635467
ERR190504	1	1	1	1	1	1	1	1	1	1	1.2340226181346248	0.8775596019316503	0.0024264005665519	1.122208798383194	1.1855731807033778	1.157652992679174	1.0924702172255092	1.4305877666031015	0.0036622449157405	1.2456630320967983
ERR190505	1	1	1	1	1	1	1	1	1	1	0.6753744105246317	1.1568252965118146	1.2047883963043884	1.1800694582490292	1.1091223822126215	1.202336539274209	0.0009540228332667	0.0033656919925302	0.0	1.060039455831797
ERR190506	1	1	1	1	1	1	1	1	1	1	0.0022890394039495	0.0032034599191155	0.0022884971825148	1.076534770965685	1.1702865990145994	1.234225161667386	0.0009844708142762	0.0	0.0023361601081583	1.1142182820958355
ERR197551	1	1	1	1	1	1	1	1	1	1	1.30365879627092	0.8760088095914106	0.0073020461063959	1.1662434837289075	1.1704055704260783	1.3098487028211874	1.0006712232797803	1.190519669200521	0.0	1.122465459915701
ERR197552	1	1	1	1	1	1	1	1	1	1	0.6514426722848621	1.15210350513743	1.1904019458056154	1.111135456056256	1.1456532057972588	1.235285748005034	0.0	0.0013213652479552	0.0	1.046664374503484
ERR197553	1	1	1	1	1	1	1	1	1	1	1.2029040921022074	0.8933605944086092	0.0	0.9991263884388406	1.138311456462519	1.183607149511443	1.0400802931160544	1.312534141373174	0.0	1.1788871650582406
ERR197554	1	1	1	1	1	1	1	1	1	1	0.6108448383054272	1.1310185259326355	1.2147878679789057	1.1271739745663634	1.1812776359950323	1.273032276554929	0.0019206091688897	0.0011290700029747	0.0	1.1552437449370845
ERR197555	1	1	1	1	1	1	1	1	1	1	0.6581424366368211	1.1241470153366249	1.2137666957335589	1.0864046503487703	1.1797948433385157	1.19002686961072	0.0047369257727508	0.0077950187676223	0.0	1.1856153109408816
ERR197556	1	1	1	1	1	1	1	1	1	1	1.1683607790842416	0.8778380181328996	0.0079192328326714	1.1297705005027865	1.2106914900234622	1.2666060372718826	0.9556512932459836	1.2398190053025462	0.0	1.2703542547333675
ERR197559	-1	-1	-1	-1	-1	-1	-1	-1	-1	-1	1.1936708860759522	1.1336594478216846	0.4773777130924518	1.4492827868852485	1.086863184876644	1.207813000320207	0.4775288011140662	0.2386586523252141	0.0	0.9792951255922644
ERR197560	1	1	1	1	1	1	1	1	1	1	1.0103676946337088	0.8390308296700182	0.0	1.0165610255616884	1.0702243843701946	1.083371725519581	1.0638501855375568	1.365638230924452	0.0	1.2215550463306817
ERR197566	1	1	1	1	1	1	1	1	1	1	1.0447366455011549	0.7949487317974712	0.0191384672532769	1.0724084941357046	1.0572325003328766	1.0012531531212403	0.981795028935102	1.25519120816396	0.0	1.1233360190526456
ERR197569	1	1	1	1	1	1	1	1	1	1	0.0310152030873525	0.4592726296461782	1.168858688611781	1.0316232657846305	1.0374533940121295	1.0650697920107444	0.0031358992378301	0.8039717753214256	0.0	1.0880373936666152
ERR197570	1	1	1	1	1	1	1	1	1	1	0.9971206044714775	1.1592121010319607	1.3481822601333762	1.0758697157508614	1.003249541380426	1.1457126363084074	1.0311673050575505	1.3338686160151552	0.0	1.0355343542327144
ERR197576	1	1	1	1	1	1	1	1	1	1	0.9619506188438012	0.7931888325667458	0.0	0.9882185824420952	0.9972559431687475	0.9684253868544056	0.9294737928441076	1.179603474690344	0.0	1.1990010600377474
ERR197577	1	1	1	1	1	1	1	1	1	1	1.0311383092388184	0.8116472728258709	0.0	0.9462037903148478	0.9369592481609906	1.011133321146587	0.8843243732837768	1.14653988817537	0.0	1.2177759737638896
ERR197578	1	1	1	1	1	1	1	1	1	1	1.127363071523718	0.8050240405885906	0.0	1.1188093167989692	1.1258046082824111	1.1380825122130709	1.053992427925568	1.2203061555786057	0.0	1.0713495759702032
ERR197579	1	1	1	1	1	1	1	1	1	1	0.9405421318999836	0.8109846895594189	0.0013225480620919	1.0376870000344365	0.9985002204197878	1.105937167750611	0.9772449298313374	1.2208992051394254	0.0	1.0649760386470832
ERR197580	1	1	1	1	1	1	1	1	1	1	0.8744422384647471	0.7016575557879922	0.0029486207623696	0.9681896658169362	0.9548197079789088	1.1063481143298113	0.8752564575079231	1.1471898220127357	0.0	1.166334115254031
ERR197581	1	1	1	1	1	1	1	1	1	1	0.8852018492951911	0.7316071200389843	0.0	1.1224978391084364	1.0676498183056786	1.162159045270822	0.8823022719159394	1.2148886259986975	0.0	1.075299628800797
ERR197582	1	1	1	1	1	1	1	1	1	1	0.9503896890069424	0.7796602027112265	0.0037452062761271	1.1010577087402045	1.099062655128656	1.1140548098913252	0.9342320572638844	1.1564789399100452	0.0	1.0240616829422184
ERR197583	1	1	1	1	1	1	1	1	1	1	1.223619155061656	0.8393724170614006	0.0	1.1532701323488317	1.1473526982106104	1.1643634102539313	1.0792267188936475	1.306514157643372	0.0	1.127453313863552
ERR197584	1	1	1	1	1	1	1	1	1	1	0.9387009108033398	0.8007816660603587	0.0	1.0140101717431802	0.9962535782137258	1.0280549210080243	0.8930620320597901	1.170897689721091	0.0	1.0780188911279078
ERR197585	1	1	1	1	1	1	1	1	1	1	0.962835190436556	0.7032932565011072	0.0040559050696844	1.0879530832956523	1.0253255628918418	1.1094783253510276	0.9590260710241733	1.2602432957159757	0.0	1.170376203989532
ERR197586	1	1	1	1	1	1	1	1	1	1	1.0263944442651491	0.8109956629225683	0.0	1.0155604043346824	1.023088694607034	1.048960612370473	0.9939219767493788	1.218374495109772	0.0	1.0362651523674649
ERR197587	1	1	1	1	1	1	1	1	1	1	0.937694730998811	0.6956074594236703	0.0012318714744673	0.9828498008193962	0.9607731970072028	1.1131824025961747	0.8334988139246297	1.2197899554960794	0.0	1.1141358598920723
ERR197588	1	1	1	1	1	1	1	1	1	1	0.9544465610098964	0.7670563664852948	0.0	1.0814553103511853	1.0898217282968092	1.1385695927317117	0.8728404471435804	1.1704685352320106	0.0	1.0729559128343449
ERR197589	1	1	1	1	1	1	1	1	1	1	0.961470551310402	0.7309676337345763	0.0024303166211571	1.041039619859425	1.1301628154822172	1.1175799708876186	0.93357457648605	1.2312443909333466	0.0	1.043037037317806
ERR197590	1	1	1	1	1	1	1	1	1	1	0.0	0.0041232165306563	0.0	0.9713775179997256	1.0757046936450383	1.181320704657462	0.0069893485220632	0.9455825632880468	0.0	1.2253925675668742
ERR197591	1	1	1	1	1	1	1	1	1	1	1.0956601380028044	0.7672613625110671	0.0	1.016729576177359	1.0984725251361456	1.1644502107399153	0.951673696641309	1.4032933361587276	0.0	1.038413312675575
ERR197592	1	1	1	1	1	1	1	1	1	1	1.1451419211540652	0.8202108615852947	0.0	1.0849302817941815	1.1388290176127382	1.1633342695603566	0.997676538435506	1.292925400207645	0.0	1.1992731799433616
ERR197593	1	1	1	1	1	1	1	1	1	1	1.0953872656184478	0.7952332359256196	0.0103335324607525	1.0349321975567494	0.9285960408926472	1.0393427825970185	0.957039408018472	1.353590217577259	0.0	1.1884610850105235
ERR197594	1	1	1	1	1	1	1	1	1	1	1.1820361521921037	1.10436403379907	1.1072094866284323	1.1172573147118043	1.133265611309516	1.1206421113067695	1.0085654224845082	1.21988570573165	0.0	1.0920385668273294
ERR197595	1	1	1	1	1	1	1	1	1	1	1.22981416504356	0.8485807476510305	0.0018831398528459	1.0292888542152798	1.1168429221484604	1.2109724866864175	1.0232983374583051	1.1544892790786787	0.0	1.151557167438778
ERR197596	1	1	1	1	1	1	1	1	1	1	1.1289423303404829	0.8690975629333899	0.000904442559123	1.051621040216656	1.165391684716891	1.1322152045150609	1.0748298752672465	1.1967738034216704	0.0	1.1767732282497505
ERR197597	1	1	1	1	1	1	1	1	1	1	1.0558689968899693	0.7886322391456775	0.0129035440867008	1.1170228111265277	1.0871490004489277	1.115450645779772	0.8488275817763207	1.2470312148943252	0.0	1.0656930717718605
ERR197598	1	1	1	1	1	1	1	1	1	1	0.9955527570408248	0.7740939793336238	0.0022342073018688	0.992963571677579	1.0169769504051147	1.1263454816800065	0.9238216625081144	1.2524770415725333	0.0	1.0734071159595684
ERR197599	1	1	1	1	1	1	1	1	1	1	1.082634649680009	0.8105077029905093	0.0	1.190401582136615	1.16163691802677	1.162266957905799	1.0761958432315322	1.2497987164559656	0.0	1.1980270486800195
ERR197601	1	1	1	1	1	1	1	1	1	1	1.1064330643447435	1.1416890985368715	1.0081426053593854	1.0892556125219588	1.1185855713532415	1.100542958962562	1.1161583184034487	1.26393693816305	0.0	1.1271788941066676
ERR197605	1	1	1	1	1	1	1	1	1	1	1.1494326162260375	0.8242785590232915	0.00129128176997	1.021076611319031	1.2033509754973757	1.2669342943033293	1.077969920367042	1.285089865841633	0.0	1.2343019768537609
ERR197610	1	1	1	1	1	1	1	1	1	1	1.0690342955163428	1.1282218947179556	1.2848963594469214	1.072981017709978	1.0429133410533182	1.0488695747213812	1.0393792337896994	1.3500697905304555	0.0	1.077840337764289
ERR197612	1	1	1	1	1	1	1	1	1	1	0.922374983836509	1.0316558020191562	1.20105616529874	1.1406325549826295	1.0508406885630557	1.2259629821927227	0.9568168387146276	1.1764923108155525	0.0	0.9365439356020834
ERR197613	1	1	1	1	1	1	1	1	1	1	1.2581930931849192	1.1122394798266857	1.196401442421697	1.1609409430696251	1.1333034063280751	1.1989135760901792	0.9929741644309682	1.2529702608110795	0.0	1.108937812914513
ERR197614	1	1	1	1	1	1	1	1	1	1	1.034669426547109	1.0807342049082216	1.0583881537667297	0.9742090160629752	1.0924331929052205	1.0779814475384728	1.0009361522906364	1.251313682233801	0.0	0.997591257418891
ERR197618	1	1	1	1	1	1	1	1	1	1	0.9969774456585808	0.7518655046185468	0.0063969127910361	1.1010435506940852	1.1027606713090423	1.1218452500454386	0.8543578829160076	1.154416277717054	0.0	0.9738044654918104
ERR197619	1	1	1	1	1	1	1	1	1	1	1.0335100135188957	1.0790803852678192	1.1482535286211966	1.0560676922722592	1.062245859149582	1.049100585508694	0.9416355960228152	1.3022971356113846	0.0	1.0204922228951
ERR197620	1	1	1	1	1	1	1	1	1	1	1.01055755945687	1.0531430456726167	1.143946131261641	1.0204239349017503	1.0436641633062544	1.1074806129605053	1.009807110845674	1.2541994895772834	0.0	0.9743423047117008
ERR197621	1	1	1	1	1	1	1	1	1	1	1.1199634761982735	1.0607133953421977	1.137604110257928	1.1093182424419437	1.1506854628284635	1.172076368115916	1.0522685305903778	1.2077011176538517	0.0	1.1351542960412435
ERR197622	1	1	1	1	1	1	1	1	1	1	1.1077899969426497	1.1222485111818843	1.176569810781804	0.9876558619081997	1.1033267944733522	1.1920409563796226	1.021300497728006	1.3574864336150396	0.0	1.0966747255122395
ERR197623	1	1	1	1	1	1	1	1	1	1	1.1090329623141837	1.089231420328202	1.2109249773929824	1.146459813019391	1.1867856430986758	1.3003471275895333	1.0490928628342122	1.1940863758951756	0.0	1.098895543062821
ERR197624	1	1	1	1	1	1	1	1	1	1	1.1156722286170777	1.023719283809888	1.0218762992866743	1.1083124778045694	1.1641878460502153	1.2541820856754984	0.977344660356129	1.1436808678822703	0.0	1.0980899679864022
ERR197626	1	1	1	1	1	1	1	1	1	1	1.2276302762448543	0.8454137293952118	0.0270194401602302	1.0852376064743134	1.1734012316909774	1.2075569934810964	0.992032716780758	1.321341392285336	0.0	1.0912113994030264
ERR197628	1	1	1	1	1	1	1	1	1	1	1.2677595908756285	1.1471749732456982	1.1928808159029602	1.0856820987412097	1.1495458022926677	1.184982095663713	1.12299239497015	1.2506639600096987	0.0	1.1604806124661828
ERR197629	1	1	1	1	1	1	1	1	1	1	1.0758605356913111	0.7894218725982842	0.0093604085013577	1.0110518850070804	0.9791367649529764	1.121532967079962	1.0704046082546843	1.347590527170693	0.0	1.1644324741699703
ERR197630	1	1	1	1	1	1	1	1	1	1	1.2024774790336878	0.8522826500228557	0.0266403416422342	1.0309640027646174	1.1293029587672236	1.2736487415491111	1.0174792534727393	1.3331612639475523	0.0	1.0532974056973206
ERR197631	1	1	1	1	1	1	1	1	1	1	1.0527909614705508	1.0916029768879487	1.3303419455850416	1.0837786226311397	1.024492049274474	1.0761174779545737	1.0606920668815465	1.2212172107748147	0.0	1.1369130282190485
ERR197633	1	1	1	1	1	1	1	1	1	1	1.0591317465770569	0.782729251775662	0.0	1.1381359185809687	1.083214423769802	1.2140790009195304	1.0525490173999343	1.2987712955386417	0.0	1.2255494839425698
ERR197635	1	1	1	1	1	1	1	1	1	1	0.0167196364550987	1.1083832597273475	1.3157338235737233	0.9064755597369074	0.9242632359074292	1.0787112731217403	0.0073047755318927	0.0083586610424114	0.0	1.274262996708596
ERR197636	1	1	1	1	1	1	1	1	1	1	1.1748195239496229	0.8781645967806346	0.0207905107735663	1.1379878855715748	1.1174214780656504	1.1144000613339544	1.023701015767645	1.218877176907064	0.0	1.151361104697175
ERR197637	1	1	1	1	1	1	1	1	1	1	0.0074162362240329	0.4603965645024808	1.1671543462284382	1.038010610729962	0.9844814580623108	1.1350762089411608	0.0025897547358237	0.8246038129447136	0.0	1.1255664891375878
ERR197638	1	1	1	1	1	1	1	1	1	1	0.0801477508410798	1.0815489813708727	1.154819559974306	1.0446001765147697	0.9767245495189202	1.096263622870706	0.0689018794079602	0.0817131567202228	0.0	1.1506450285487584
ERR197639	1	1	1	1	1	1	1	1	1	1	0.0039702484943355	1.0505321696917709	1.2108907229554702	1.0892038926143714	1.1262510313653875	1.266416030353693	0.0102111090114351	0.0013233667282707	0.0	1.1846762864045923
ERR197640	1	1	1	1	1	1	1	1	1	1	1.157769590102257	0.8071044207062127	0.0	1.1046645335876937	1.1646015538065946	1.2004277509948762	1.1045551688166395	1.2159866993780644	0.0	1.0326651248112528
ERR197642	1	1	1	1	1	1	1	1	1	1	1.099398394940449	0.8346562655083911	0.0	1.030695889474871	1.1172850811961856	1.117654425397528	0.9905419271027684	1.2345146150274409	0.0	1.0605270693330926
ERR197643	1	1	1	1	1	1	1	1	1	1	1.1667929525032363	1.0668594283170452	1.235886022747599	1.1807125691240064	1.189342790143894	1.203471051373198	1.0409261018953284	1.2765091120468477	0.0	1.0859612306592323
ERR197644	1	1	1	1	1	1	1	1	1	1	1.1831504467357754	0.8581575871260556	0.0013399491781968	1.0681576145795235	1.1190209784666043	1.147217314377389	1.021529247092255	1.290379134467245	0.0	1.1252607648881046
ERR197645	1	1	1	1	1	1	1	1	1	1	1.0429833426639168	0.7466659280478468	0.003930106013549	1.1557590763771977	1.0001758017460822	1.1841860681632523	1.0403189267605488	1.257826992008929	0.0	1.1982530752560698
ERR197646	1	1	1	1	1	1	1	1	1	1	1.0527283058181005	0.7595578927478571	0.0025330051875203	0.9996771949461002	1.0559387254044057	1.2188815020813193	0.9685230584796712	1.3592219059793709	0.0	1.0769832820997192
ERR249218	1	1	1	1	1	1	1	1	1	1	1.0962814487055454	0.989644550364104	0.9939962057180574	1.0027948334742491	0.9642512898912906	0.8993107247430971	0.9281918873857532	1.0621977411793695	0.0015856346825974	0.9559269337613088
ERR249288	1	1	1	1	1	1	1	1	1	1	0.9925726207730678	1.0420612063962404	0.9819306393739852	0.9702938373236292	0.9834767369707532	0.987637551156105	0.9570272261931804	1.0399938911618294	0.0	0.9484661603362148
ERR249292	1	1	1	1	1	1	1	1	1	1	0.9387158595049276	0.971578372489039	0.9484281839563816	1.0160444045162491	0.9861599894393334	0.985407540708045	0.9772476664659276	1.0678873532046402	0.0049228744558878	1.056465008384025
ERR249294	1	1	1	1	1	1	1	1	1	1	1.1154535952149391	1.0561828541965603	1.0533358902313144	1.0261443050015873	0.9483418185299348	1.0420221987467015	0.9849091891396644	1.0346219943440016	0.0066340368481722	1.061131896402134
ERR249297	1	1	1	1	1	1	1	1	1	1	1.0139616489373446	1.078172647583374	1.060914335845425	1.0100102490823002	0.9911476640560176	0.923393228980188	0.997725090209148	1.0752668013173148	0.0356636339488559	0.9881505167915452
ERR263722	-1	-1	-1	-1	-1	-1	-1	-1	-1	-1	0.0449984882585685	0.501570941351632	1.1947082235406037	0.9526777882449988	0.8510811599577194	1.0159199113140724	0.041430326448199	0.9496872413713204	0.0488925163105746	1.267778898716411
ERR263723	1	1	1	1	1	1	1	1	1	1	1.1290906772355855	0.8234611200792693	0.003336390352076	1.1051890968193847	1.0062140654836842	1.154935824074122	0.9998036094407234	1.2882563009544346	0.0011233089852647	1.2327257167707832
ERR263724	1	1	1	1	1	1	1	1	1	1	1.1457535394149594	0.8285689954266234	0.0235346451780318	1.0778594213215424	1.0616638620036951	1.1291310677580315	1.0685576315975942	1.3526118700604426	0.0	1.1359268630911228
ERR263725	1	1	1	1	1	1	1	1	1	1	0.0021668683381006	0.4473117040385949	1.2967833779578473	1.0977937623058638	1.1250986803187335	1.258540379868698	0.0	0.7768376057229128	0.0	1.09679955818092
ERR263726	1	1	1	1	1	1	1	1	1	1	0.0013265426547333	0.4709446264734789	1.1727624199513935	0.9281321191586356	0.978521694759803	1.0642565553676888	0.0035442710553116	0.7784834498610798	0.001343441014126	1.0657516796590332
ERR263727	1	1	1	1	1	1	1	1	1	1	0.0068888383223665	0.3916605477795572	1.1967025429276423	1.1565555439890052	1.171900846403857	1.3657702480629748	0.0008433402205187	0.7360705304299915	0.0	1.0644503031262715
ERR263728	1	1	1	1	1	1	1	1	1	1	0.8917548589633938	1.0615001758244111	1.2402195103350486	0.9957043800942674	0.9398355202297544	1.065317789022864	1.077724921309858	1.1534505909025314	0.0017635709727925	1.165929028547008
ERR2931003	-1	-1	-1	-1	-1	-1	-1	-1	-1	-1	1.4919005425200411	0.8623333022589471	0.0	1.0588618338233862	1.7049885047196294	1.8989151167647889	0.8535772344983134	0.7945767419415088	0.0	1.0282311175947412
ERR2931007	-1	-1	-1	-1	-1	-1	-1	-1	-1	-1	0.0	0.0	0.0	1.1622499001510247	1.8597653320734249	2.036729928998632	0.0	0.7026217265225381	0.0	1.160609491690371
ERR2931012	-1	-1	-1	-1	-1	-1	-1	-1	-1	-1	1.4586005951028544	0.9029762405466132	0.0	1.1275315373358232	1.6905085898374308	1.7493644917210665	0.9607421598003631	0.8229974076285527	0.0	1.028860551455815
ERR2931015	-1	-1	-1	-1	-1	-1	-1	-1	-1	-1	1.5437014662710395	0.8522414373856549	0.0	1.0817068369853862	1.6797528435116085	1.716333617285553	0.9583293623393314	0.8951278270077642	0.0	1.08579591714795
ERR2931019	-1	-1	-1	-1	-1	-1	-1	-1	-1	-1	1.4854653671617182	0.8841670965468166	0.0	1.024067407100063	1.7018253725432992	1.8267254234694048	0.8571993740263387	1.0547279919370354	0.0	1.1485086002555125
ERR2931020	-1	-1	-1	-1	-1	-1	-1	-1	-1	-1	1.5767084167065477	0.9348275651451756	0.0	1.056471705325052	1.7067293558324397	1.7218144953706886	0.8690377601251931	0.8505521239562069	0.0	1.1544598015193903
ERR2931023	-1	-1	-1	-1	-1	-1	-1	-1	-1	-1	1.5924176414377544	0.8682638167162716	0.0	1.0468634001946853	1.59913849593794	1.5983900231247132	0.8383523007372807	0.7407000865381069	0.0	0.9992788794842046
ERR2931026	-1	-1	-1	-1	-1	-1	-1	-1	-1	-1	1.4705241715921515	1.0188140484912398	0.7901331940574754	1.0515314104538338	1.7010492170625755	1.7243103015132872	0.7721979330933615	0.8416621589121136	0.0	1.0839192131331672
ERR2931027	-1	-1	-1	-1	-1	-1	-1	-1	-1	-1	1.2103289692409922	0.9707895453851116	0.7725875057659831	1.0536228291052587	1.7477901971151937	1.777834866555842	0.8388915876052574	0.7947755379858986	0.0	1.0643063891941902
ERR2931030	-1	-1	-1	-1	-1	-1	-1	-1	-1	-1	1.5311134542462153	1.1585702992129383	0.9435888663780424	1.143309963138621	1.6043545925924416	1.6373548455289515	0.6989329886658154	0.7806984916993792	0.0101760965693836	1.020465614528311
ERR2931031	-1	-1	-1	-1	-1	-1	-1	-1	-1	-1	0.4842704776420899	0.296454886051761	0.0382622228510459	0.9390553550293772	1.6882809259235143	1.7855698559011586	0.2742424168923633	0.0215343321498854	0.0	1.0657201237165608
ERR3938696	-1	-1	-1	-1	-1	-1	-1	-1	-1	-1	0.8209571414615876	0.8314336938242888	0.4871142751751305	1.2426995296254275	1.4763831249760395	1.5797121048844294	0.8731844770108307	0.8133414296982017	0.0023060505838418	0.3833818931507016
SRR10094349	-1	-1	-1	-1	-1	-1	-1	-1	-1	-1	1.1513840747026125	1.021057001926588	0.9934024826583528	1.1057641155043996	1.3898332801991389	1.4811522858378925	0.8421704795498055	1.0180640191014885	1.1514812605864873	0.8101431779269009
SRR10094360	-1	-1	-1	-1	-1	-1	-1	-1	-1	-1	0.8320864077116004	0.7192855674598481	0.6398399067056504	1.4761172834724368	1.330084455533888	1.3777200185422565	0.7234947268591921	0.9047139848789916	1.5746817967934172	0.9406516808005778
SRR10094363	1	1	1	1	1	1	1	1	1	1	0.9448956603742372	0.971329746926914	0.8812049067020155	1.269152114957755	1.3162240550541895	1.549871526106923	0.9244228207716264	1.0536878173315871	0.0	0.9814480725385674
SRR10094364	1	1	1	1	1	1	1	1	1	1	1.095211302386876	1.0532349030829875	0.9430473376289684	1.230684303269599	1.3143807886528396	1.4967868898618213	0.9638060922609522	1.043485865632637	0.0	1.0252409056442222
SRR10094365	-1	-1	-1	-1	-1	-1	-1	-1	-1	-1	0.730276579073854	0.8975887982517617	1.13252255157693	1.4114366991366394	1.3766371254717484	1.5530901497578056	1.1604981601531688	0.9021747933952192	0.0	0.6774020684288503
SRR10094366	1	1	1	1	1	1	1	1	1	1	0.9813792112708636	0.8992327000723533	0.8832396900837454	1.350334275066826	1.2881558391469947	1.4953130814569042	0.7690152544706865	0.9346279390428271	0.0	0.8676984719132317
SRR10094367	1	1	1	1	1	1	1	1	1	1	1.1561116855879747	1.0557526623709526	1.11242769871777	1.3057843727418177	1.1707229454025745	1.4489666660317595	1.260322513074975	1.2613315821989055	1.2023150008061447	1.104183853845884
SRR10094368	1	1	1	1	1	1	1	1	2	1	1.082694167916979	0.9387004562031032	0.9756112959813338	1.2965599756881971	1.3106269874784466	1.2783548298665564	1.0749396765209729	1.2009592027671507	2.5460898554020237	1.0525062234934046
SRR10094369	1	1	1	1	1	1	1	1	2	1	1.057618719150341	0.995991731957766	0.9765819820398578	1.3686453974252866	1.2394326986121242	1.2514320362998246	1.0870934971912898	1.1555157179344686	2.5297330497532218	1.1008950340502972
SRR10094370	1	1	1	1	1	1	1	1	2	1	0.0	0.4946181196946393	0.9536376650406426	1.3029834846788764	1.1740934403279577	1.3181287087677735	0.4279808919762752	1.0247903437498398	2.067517746461061	0.8918269576145917
SRR10094371	1	1	1	1	1	1	1	1	2	1	0.8546017117023677	0.7894963996988321	0.8205468471464424	1.3484617186335577	1.2731832418824196	1.20424377025706	0.856691746228698	0.9388520026414732	3.493507869379512	1.006665771354382
SRR10094372	1	1	1	1	1	1	1	1	2	1	1.027999090930226	0.955802300374056	0.9449526432325092	1.24808815953886	1.1975627376415128	1.3504370467022329	1.0929350602229302	1.1631345243116995	2.6441445639604058	0.990923080523324
SRR10094373	1	1	1	1	1	1	1	1	2	1	0.0	0.5383772548646769	0.9373562906734716	1.3619323675091042	1.2151017530667263	1.2875673201022273	0.5061784013816321	1.2205985920472675	2.315249539685168	1.0892132636854026
SRR10094374	1	1	1	1	1	1	1	1	2	1	1.0581580657846623	1.0285136041743237	0.9624488137602716	1.3732823927587037	1.206195203840836	1.289089799869866	1.039866797506677	1.2677873516451383	2.552467854489009	1.149885453175416
