sample_id	biosample	blaOXA-23	blaOXA-24-like	blaOXA-58-like
ERR110067	SAMEA1466056	0	0	0
ERR110081	SAMEA1466008	0	0	1
ERR110082	SAMEA1465988	0	0	0
ERR110086	SAMEA1466052	1	0	0
ERR110098	SAMEA1466082	0	0	0
ERR110100	SAMEA1466011	0	0	0
ERR110102	SAMEA1466028	0	0	0
ERR119657	SAMEA1317939	0	0	0
ERR119659	SAMEA1317920	0	0	1
ERR119660	SAMEA1317927	0	0	0
ERR119664	SAMEA1317924	0	0	0
ERR119668	SAMEA1317922	0	0	0
ERR119670	SAMEA1317931	0	0	0
ERR119671	SAMEA1317930	0	0	0
ERR119677	SAMEA1317925	1	0	0
ERR119679	SAMEA1317937	0	0	1
ERR190414	SAMEA1569402	0	0	0
ERR190415	SAMEA1569436	1	0	0
ERR190417	SAMEA1569477	0	0	0
ERR190418	SAMEA1569374	0	0	0
ERR190419	SAMEA1569504	1	0	0
ERR190420	SAMEA1569503	1	0	0
ERR190421	SAMEA1569458	0	0	0
ERR190422	SAMEA1569539	1	0	0
ERR190423	SAMEA1569528	0	0	0
ERR190425	SAMEA1569551	1	0	1
ERR190428	SAMEA1569438	0	0	0
ERR190430	SAMEA1569371	1	0	0
ERR190432	SAMEA1569467	1	0	0
ERR190433	SAMEA1569386	1	0	0
ERR190434	SAMEA1569395	1	0	0
ERR190435	SAMEA1569508	1	0	0
ERR190436	SAMEA1569377	1	0	0
ERR190437	SAMEA1569465	0	0	0
ERR190438	SAMEA1569546	1	0	0
ERR190439	SAMEA1569473	0	0	0
ERR190440	SAMEA1569417	1	0	0
ERR190441	SAMEA1569423	0	1	0
ERR190442	SAMEA1569406	0	0	1
ERR190443	SAMEA1569434	1	0	0
ERR190444	SAMEA1569387	1	0	0
ERR190446	SAMEA1569442	1	0	0
ERR190447	SAMEA1569510	0	0	0
ERR190448	SAMEA1569488	1	0	0
ERR190449	SAMEA1569533	0	0	0
ERR190450	SAMEA1569449	1	0	0
ERR190451	SAMEA1569523	1	0	0
ERR190452	SAMEA1569487	1	0	0
ERR190454	SAMEA1569399	1	0	0
ERR190455	SAMEA1569490	0	0	0
ERR190456	SAMEA1569408	1	0	0
ERR190457	SAMEA1569516	1	0	0
ERR190458	SAMEA1569394	0	0	0
ERR190459	SAMEA1569538	1	0	0
ERR190461	SAMEA1569418	1	0	0
ERR190462	SAMEA1569499	1	0	0
ERR190464	SAMEA1569557	0	0	1
ERR190465	SAMEA1569478	1	0	0
ERR190466	SAMEA1569441	1	0	0
ERR190467	SAMEA1569482	0	0	0
ERR190468	SAMEA1569411	0	0	0
ERR190469	SAMEA1569454	1	0	0
ERR190470	SAMEA1569543	0	0	1
ERR190471	SAMEA1569460	0	0	1
ERR190472	SAMEA1569534	1	0	0
ERR190473	SAMEA1569472	1	0	0
ERR190474	SAMEA1569483	1	0	0
ERR190475	SAMEA1569382	1	0	0
ERR190476	SAMEA1569561	0	0	0
ERR190477	SAMEA1569379	0	0	0
ERR190478	SAMEA1569428	1	0	0
ERR190479	SAMEA1569407	1	0	0
ERR190480	SAMEA1569548	1	0	0
ERR190481	SAMEA1569530	0	0	1
ERR190482	SAMEA1569489	1	0	0
ERR190483	SAMEA1569525	0	0	0
ERR190484	SAMEA1569425	1	0	0
ERR190486	SAMEA1569514	1	0	0
ERR190487	SAMEA1569517	0	0	0
ERR190488	SAMEA1569424	1	0	0
ERR190489	SAMEA1569450	1	0	0
ERR190490	SAMEA1569459	1	0	0
ERR190491	SAMEA1569519	1	0	0
ERR190492	SAMEA1569372	0	0	0
ERR190493	SAMEA1569396	1	0	0
ERR190494	SAMEA1569414	1	0	0
ERR190495	SAMEA1569422	1	0	0
ERR190496	SAMEA1569496	1	0	0
ERR190497	SAMEA1569549	1	0	0
ERR190498	SAMEA1569545	1	0	0
ERR190499	SAMEA1569380	1	0	0
ERR190500	SAMEA1569461	1	0	0
ERR190501	SAMEA1569484	1	0	0
ERR190502	SAMEA1569537	1	0	0
ERR190503	SAMEA1569541	1	0	0
ERR190504	SAMEA1569400	0	0	0
ERR190505	SAMEA1569556	0	0	0
ERR190506	SAMEA1569495	0	0	0
ERR197551	SAMEA1569471	0	0	0
ERR197552	SAMEA1569476	0	0	0
ERR197553	SAMEA1569507	0	0	0
ERR197554	SAMEA1569433	0	0	0
ERR197555	SAMEA1569558	0	0	0
ERR197556	SAMEA1569410	0	0	0
ERR197559	SAMEA1569509	0	0	0
ERR197560	SAMEA1569559	0	0	0
ERR197566	SAMEA1569405	0	0	0
ERR197569	SAMEA1569439	0	0	1
ERR197570	SAMEA1569506	0	0	0
ERR197576	SAMEA1569485	0	0	0
ERR197577	SAMEA1569430	0	0	0
ERR197578	SAMEA1569421	0	0	0
ERR197579	SAMEA1569383	0	0	0
ERR197580	SAMEA1569429	0	0	0
ERR197581	SAMEA1569520	0	0	0
ERR197582	SAMEA1569375	0	0	0
ERR197583	SAMEA1569373	0	0	0
ERR197584	SAMEA1569500	0	0	0
ERR197585	SAMEA1569468	0	0	0
ERR197586	SAMEA1569385	0	0	0
ERR197587	SAMEA1569466	0	0	0
ERR197588	SAMEA1569409	0	0	0
ERR197589	SAMEA1569550	0	0	0
ERR197590	SAMEA1569446	0	0	0
ERR197591	SAMEA1569542	0	0	0
ERR197592	SAMEA1569443	0	0	0
ERR197593	SAMEA1569390	0	0	0
ERR197594	SAMEA1569531	0	0	0
ERR197595	SAMEA1569393	0	0	0
ERR197596	SAMEA1569486	0	0	0
ERR197597	SAMEA1569469	0	0	0
ERR197598	SAMEA1569480	0	0	0
ERR197599	SAMEA1569529	0	0	0
ERR197601	SAMEA1569555	0	0	0
ERR197605	SAMEA1569403	0	0	0
ERR197610	SAMEA1569416	0	0	0
ERR197612	SAMEA1569444	0	0	0
ERR197613	SAMEA1569447	0	0	0
ERR197614	SAMEA1569547	0	0	0
ERR197618	SAMEA1569404	0	0	0
ERR197619	SAMEA1569401	0	0	0
ERR197620	SAMEA1569419	0	0	0
ERR197621	SAMEA1569540	0	0	0
ERR197622	SAMEA1569463	0	0	0
ERR197623	SAMEA1569388	0	0	0
ERR197624	SAMEA1569552	0	0	0
ERR197626	SAMEA1569453	0	0	0
ERR197628	SAMEA1569502	0	0	0
ERR197629	SAMEA1569426	0	0	1
ERR197630	SAMEA1569518	0	0	0
ERR197631	SAMEA1569479	0	0	0
ERR197633	SAMEA1569452	0	0	0
ERR197635	SAMEA1569497	0	0	0
ERR197636	SAMEA1569532	0	0	0
ERR197637	SAMEA1569431	0	0	0
ERR197638	SAMEA1569432	0	0	0
ERR197639	SAMEA1569512	0	0	0
ERR197640	SAMEA1569435	0	0	0
ERR197642	SAMEA1569398	0	0	0
ERR197643	SAMEA1569515	0	0	0
ERR197644	SAMEA1569392	0	0	0
ERR197645	SAMEA1569492	0	0	0
ERR197646	SAMEA1569521	0	0	0
ERR249218	SAMEA1709749	0	0	0
ERR249288	SAMEA1709744	0	0	0
ERR249292	SAMEA1709886	0	0	0
ERR249294	SAMEA1709848	0	0	0
ERR249297	SAMEA1709843	0	0	0
ERR263722	SAMEA1876492	0	0	0
ERR263723	SAMEA1876495	0	0	0
ERR263724	SAMEA1876509	0	0	0
ERR263725	SAMEA1876507	0	0	0
ERR263726	SAMEA1876506	0	0	0
ERR263727	SAMEA1876505	0	0	0
ERR263728	SAMEA1876503	0	0	0
ERR2931003	SAMEA5131855	0	0	0
ERR2931007	SAMEA5131845	0	0	0
ERR2931012	SAMEA5131846	0	0	0
ERR2931015	SAMEA5131847	0	0	0
ERR2931019	SAMEA5131848	0	0	0
ERR2931020	SAMEA5131849	0	0	0
ERR2931023	SAMEA5131850	0	0	0
ERR2931026	SAMEA5131851	0	0	0
ERR2931027	SAMEA5131852	0	0	0
ERR2931030	SAMEA5131853	0	0	0
ERR2931031	SAMEA5131854	0	0	0
ERR3938696	SAMEA6574530	0	0	0
SRR10094349	SAMN10249077	1	0	0
SRR10094360	SAMN10249113	1	0	0
SRR10094363	SAMN10249026	0	0	0
SRR10094364	SAMN10249084	0	0	0
SRR10094365	SAMN10249063	0	0	0
SRR10094366	SAMN10249115	0	0	0
SRR10094367	SAMN10248960	1	0	0
SRR10094368	SAMN10249032	1	0	0
SRR10094369	SAMN10249073	1	0	0
SRR10094370	SAMN10248978	1	0	0
SRR10094371	SAMN10248940	1	0	0
SRR10094372	SAMN10249041	1	0	0
SRR10094373	SAMN10249078	1	0	0
SRR10094374	SAMN10249127	1	0	0
SRR10094375	SAMN10248955	1	0	0
SRR10094376	SAMN10249061	1	0	0
SRR10094377	SAMN10249089	1	0	0
SRR10094378	SAMN10248937	1	0	0
SRR10094379	SAMN10249177	1	0	0
SRR10094380	SAMN10249024	1	0	0
SRR10094381	SAMN10249068	1	0	0
SRR10094382	SAMN10249186	1	0	0
SRR10094383	SAMN10249163	1	0	0
SRR10094386	SAMN10248996	1	0	0
SRR10094397	SAMN10249217	1	0	0
SRR10094408	SAMN10249121	1	0	0
SRR10094409	SAMN10248989	1	0	0
SRR10094410	SAMN10248939	1	0	0
SRR10094411	SAMN10249029	1	0	0
SRR10094412	SAMN10249093	1	0	0
SRR10094413	SAMN10249057	1	0	0
SRR10094414	SAMN10249010	1	0	0
SRR10094415	SAMN10249149	0	0	0
SRR10094416	SAMN10248941	1	0	0
SRR10094417	SAMN10248957	0	0	0
SRR10094418	SAMN10249083	0	0	0
SRR10094419	SAMN10249147	0	0	0
SRR10094420	SAMN10248986	1	0	0
SRR10094421	SAMN10248990	1	0	0
SRR10094422	SAMN10249021	1	0	0
SRR10094423	SAMN10249060	1	0	0
SRR10094424	SAMN10249116	1	0	0
SRR10094425	SAMN10249046	1	0	0
SRR10094426	SAMN10249015	1	0	0
SRR10094427	SAMN10249074	1	0	0
SRR10094428	SAMN10249102	1	0	0
SRR10094429	SAMN10248992	1	0	0
SRR10094430	SAMN10249027	0	0	0
SRR10094431	SAMN10249064	1	0	0
SRR10094432	SAMN10249126	0	0	0
SRR10094433	SAMN10249214	1	0	0
SRR10094434	SAMN10249016	1	0	0
SRR10094435	SAMN10249052	1	0	0
SRR10094436	SAMN10249097	1	0	0
SRR10094437	SAMN10249114	1	0	0
SRR10094438	SAMN10248970	1	0	0
SRR10094439	SAMN10249162	1	0	0
SRR10094440	SAMN10249022	1	0	0
SRR10094451	SAMN10249204	1	0	0
SRR10094462	SAMN10249037	1	0	0
SRR10094473	SAMN10249085	1	0	0
SRR10094484	SAMN10249101	1	0	0
SRR10094495	SAMN10248964	1	0	0
SRR10094506	SAMN10249210	0	0	0
SRR10094517	SAMN10249004	1	0	0
SRR10094518	SAMN10249002	1	0	0
SRR10094529	SAMN10249072	1	0	0
SRR10094540	SAMN10249105	1	0	0
SRR10094551	SAMN10248953	1	0	0
SRR10094562	SAMN10249200	1	0	0
SRR10094573	SAMN10249066	1	0	0
SRR10094584	SAMN10249195	1	0	0
SRR10094595	SAMN10248975	1	0	0
SRR10094606	SAMN10249137	1	0	0
SRR10094617	SAMN10249181	1	0	0
SRR10094628	SAMN10249035	1	0	0
SRR10094629	SAMN10249086	1	0	0
SRR10094630	SAMN10249109	1	0	0
SRR10383457	SAMN13176256	0	0	0
SRR11049245	SAMN14072392	1	0	0
SRR11176973	SAMN12769618	0	1	0
SRR13302058	SAMN11953941	1	0	0
SRR13302059	SAMN11953942	1	0	0
SRR16951843	SAMN14072391	0	1	0
SRR16951844	SAMN14072390	1	0	0
SRR16951845	SAMN14072389	1	0	0
SRR16951846	SAMN14072388	1	0	0
SRR1819769	SAMN03268801	1	0	0
SRR1819771	SAMN03268796	1	0	0
SRR1819785	SAMN03268809	1	0	0
SRR1819792	SAMN03268807	1	0	0
SRR1819797	SAMN03277095	0	0	0
SRR1819798	SAMN03277097	0	0	0
SRR1819799	SAMN03277099	0	0	0
SRR1819800	SAMN03277092	0	0	0
SRR1819801	SAMN03277100	0	0	0
SRR1819803	SAMN03277098	0	0	0
SRR1819804	SAMN03277103	0	0	0
SRR1819805	SAMN03277104	0	0	0
SRR1819807	SAMN03277094	0	0	0
SRR1819808	SAMN03277093	0	0	0
SRR1819809	SAMN03277096	0	0	0
SRR2075860	SAMN03571960	1	0	0
SRR2075876	SAMN03575971	1	0	0
SRR2075877	SAMN03575972	0	0	0
SRR2075878	SAMN03575974	1	0	0
SRR2075879	SAMN03576356	1	0	0
SRR2075880	SAMN03576358	0	1	0
SRR2075881	SAMN03576359	0	0	0
SRR2075882	SAMN03576361	0	1	0
SRR2075883	SAMN03576362	0	1	0
SRR2075884	SAMN03576363	1	0	0
SRR2075885	SAMN03576364	1	0	0
SRR2075887	SAMN03576365	1	0	0
SRR2075890	SAMN03576366	0	0	0
SRR2075891	SAMN03576441	1	0	0
SRR2075893	SAMN03576442	1	0	0
SRR2075895	SAMN03576445	0	1	0
SRR2075896	SAMN03576446	1	0	0
SRR2075897	SAMN03576448	1	0	0
SRR2075898	SAMN03576449	1	0	0
SRR2075899	SAMN03576505	1	0	0
SRR2075900	SAMN03576511	1	0	0
SRR2075902	SAMN03576512	1	0	0
SRR2075903	SAMN03577725	1	0	0
SRR2075906	SAMN03577726	1	0	0
SRR2075907	SAMN03577727	0	0	0
SRR2075948	SAMN03577728	0	1	0
SRR2075950	SAMN03577729	1	0	0
SRR2075951	SAMN03577730	0	1	0
SRR22159793	SAMN29928039	0	0	0
SRR23106203	SAMN32778013	1	0	0
SRR23106229	SAMN32777989	1	0	0
SRR23106230	SAMN32777988	1	0	0
SRR23106234	SAMN32777985	1	0	0
SRR23106238	SAMN32777981	1	0	0
SRR23106245	SAMN32777975	1	0	0
SRR23106247	SAMN32777973	0	0	0
SRR23106308	SAMN32778066	1	0	0
SRR23106310	SAMN32778065	1	0	0
SRR23106313	SAMN32778062	1	0	0
SRR23106314	SAMN32778061	1	0	0
SRR23106317	SAMN32778058	1	0	0
SRR23106322	SAMN32778054	1	0	0
SRR23106324	SAMN32778052	1	0	0
SRR23106325	SAMN32778051	1	0	0
SRR23106330	SAMN32778046	1	0	0
SRR23106331	SAMN32777938	1	0	0
SRR23106346	SAMN32777958	1	0	0
SRR23106351	SAMN32777954	1	0	0
SRR23106353	SAMN32777952	1	0	0
SRR23106360	SAMN32778085	1	0	0
SRR23106361	SAMN32778084	1	0	0
SRR23106362	SAMN32778083	1	0	0
SRR23106363	SAMN32778082	1	0	0
SRR23106364	SAMN32778081	1	0	0
SRR23106365	SAMN32778080	1	0	0
SRR23106366	SAMN32778079	1	0	0
SRR23106367	SAMN32778078	1	0	0
SRR23106368	SAMN32778077	1	0	0
SRR23106369	SAMN32778076	0	0	0
SRR23106371	SAMN32778075	0	0	0
SRR23106372	SAMN32778074	1	0	0
SRR23106373	SAMN32778073	1	0	0
SRR23106374	SAMN32778072	0	0	0
SRR23106375	SAMN32778071	1	0	0
SRR23106397	SAMN32778029	1	0	0
SRR25100038	SAMN35995983	0	0	0
SRR25100039	SAMN35995980	0	1	0
SRR25100040	SAMN35995988	0	0	0
SRR25100041	SAMN35995981	0	0	0
SRR25100042	SAMN35995982	0	0	0
SRR25100043	SAMN35995979	1	0	0
SRR25100044	SAMN35995987	0	0	0
SRR25100045	SAMN35995986	0	0	0
SRR25100046	SAMN35995985	0	0	0
SRR25100047	SAMN35995984	0	0	0
SRR25519436	SAMN11953943	1	0	0
SRR26183117	SAMN37546086	0	0	0
SRR26956677	SAMN38450464	0	0	0
SRR2911724	SAMN04229826	0	0	0
SRR2911725	SAMN04229822	0	0	0
SRR2911726	SAMN04229823	0	0	0
SRR2911739	SAMN04229824	0	0	0
SRR2911742	SAMN04229825	0	0	0
SRR2916633	SAMN04254728	1	0	0
SRR2916634	SAMN04254729	1	0	0
SRR2916635	SAMN04254730	1	0	0
SRR2916636	SAMN04254731	1	0	0
SRR2916656	SAMN04254727	1	0	0
SRR29202109	SAMN41558526	0	0	0
SRR29202112	SAMN41558524	0	0	0
SRR29202117	SAMN41558519	0	0	0
SRR29202120	SAMN41558516	0	0	0
SRR29202135	SAMN41558532	0	0	0
SRR29202140	SAMN41558513	0	0	0
SRR29202142	SAMN41558511	0	0	0
SRR29202144	SAMN41558509	0	0	0
SRR29202145	SAMN41558508	0	0	0
SRR29202146	SAMN41558507	0	0	0
SRR29202150	SAMN41558504	0	0	0
SRR29202153	SAMN41558501	0	0	0
SRR29202157	SAMN41558484	0	0	0
SRR29202158	SAMN41558555	0	0	0
SRR29202159	SAMN41558554	0	0	0
SRR29202160	SAMN41558553	0	0	0
SRR29202161	SAMN41558552	0	0	0
SRR29202162	SAMN41558551	0	0	0
SRR29202164	SAMN41558549	0	0	0
SRR29202165	SAMN41558548	0	0	0
SRR29202166	SAMN41558547	0	0	0
SRR29202169	SAMN41558545	0	0	0
SRR29202172	SAMN41558498	0	0	0
SRR29202177	SAMN41558494	0	0	0
SRR29202178	SAMN41558493	0	0	0
SRR29202179	SAMN41558492	0	0	0
SRR29202182	SAMN41558489	0	0	0
SRR2954965	SAMN04252827	1	0	0
SRR29765747	SAMN42396291	0	0	0
SRR29765757	SAMN42396282	0	0	0
SRR29765760	SAMN42396279	0	0	0
SRR2976831	SAMN04022941	0	1	0
SRR3057118	SAMN04339712	1	0	0
SRR3112200	SAMN04432977	0	0	0
SRR3112201	SAMN04432978	0	0	0
SRR3112205	SAMN04432982	0	0	0
SRR3112206	SAMN04432983	0	0	0
SRR3112302	SAMN04014874	0	0	0
SRR3112304	SAMN04014876	0	1	0
SRR3112305	SAMN04014877	0	1	0
SRR3112306	SAMN04014878	0	0	0
SRR3112313	SAMN04014886	1	0	0
SRR3130307	SAMN04445872	0	0	0
SRR3130308	SAMN04445873	0	0	0
SRR3130309	SAMN04445874	0	0	0
SRR3130310	SAMN04445875	0	0	0
SRR3130311	SAMN04445876	0	0	0
SRR3131127	SAMN04446435	0	1	0
SRR3131130	SAMN04446436	0	1	0
SRR3131131	SAMN04446437	0	1	0
SRR3131132	SAMN04446438	0	1	0
SRR3131145	SAMN04446439	0	0	1
SRR3131146	SAMN04446440	0	0	0
SRR3131147	SAMN04446441	0	0	1
SRR3131148	SAMN04446442	0	0	1
SRR3131149	SAMN04446443	0	0	1
SRR3131150	SAMN04446444	0	0	1
SRR3131151	SAMN04446445	0	0	1
SRR3131152	SAMN04446446	0	0	1
SRR3131153	SAMN04446447	0	0	1
SRR3131154	SAMN04446448	0	0	1
SRR3131155	SAMN04446449	0	0	1
SRR3131156	SAMN04446450	0	0	1
SRR3131157	SAMN04446451	1	0	0
SRR3131158	SAMN04446452	1	0	0
SRR3131159	SAMN04446453	1	0	0
SRR3131162	SAMN04446456	1	0	0
SRR3131163	SAMN04446457	1	0	0
SRR3131164	SAMN04446458	1	0	0
SRR3131165	SAMN04446459	1	0	0
SRR3131166	SAMN04446460	1	0	0
SRR3131167	SAMN04446461	1	0	0
SRR3131168	SAMN04446462	0	0	0
SRR3131169	SAMN04446463	1	0	0
SRR3131170	SAMN04446464	1	0	0
SRR3131171	SAMN04446465	1	0	0
SRR3131172	SAMN04446466	1	0	0
SRR3131173	SAMN04446467	1	0	0
SRR3131206	SAMN04446468	0	0	1
SRR3131207	SAMN04446469	0	0	1
SRR3131208	SAMN04446470	0	0	1
SRR3131209	SAMN04446471	0	0	1
SRR3131210	SAMN04446472	0	0	1
SRR3131211	SAMN04446473	0	0	0
SRR3131212	SAMN04446474	0	0	1
SRR3131213	SAMN04446475	0	0	1
SRR3131214	SAMN04446476	0	0	1
SRR3131215	SAMN04446477	0	0	1
SRR3131216	SAMN04446520	1	0	0
SRR3131217	SAMN04446538	1	0	0
SRR3131219	SAMN04446540	1	0	0
SRR3131220	SAMN04446541	1	0	0
SRR3131221	SAMN04446542	1	0	0
SRR3131222	SAMN04446543	1	0	0
SRR3131223	SAMN04446544	1	0	0
SRR3131224	SAMN04446545	1	0	0
SRR3131225	SAMN04446546	1	0	0
SRR3131226	SAMN04446547	1	0	0
SRR3131227	SAMN04446548	1	0	0
SRR3131228	SAMN04446549	1	0	0
SRR3131229	SAMN04446550	1	0	0
SRR3131230	SAMN04446551	1	0	0
SRR3131234	SAMN04446555	1	0	0
SRR3131235	SAMN04446556	1	0	0
SRR3131236	SAMN04446557	1	0	0
SRR3131237	SAMN04446558	1	0	0
SRR3131238	SAMN04446559	1	0	0
SRR3131239	SAMN04446560	1	0	0
SRR3131240	SAMN04446535	1	0	0
SRR3133084	SAMN04447699	0	0	1
SRR3133085	SAMN04447700	0	0	1
SRR3133086	SAMN04447701	0	0	1
SRR3133087	SAMN04447702	0	0	1
SRR3133088	SAMN04447703	0	0	1
SRR3133089	SAMN04447704	0	0	1
SRR3133090	SAMN04447705	0	0	1
SRR3133091	SAMN04447706	0	0	1
SRR3133092	SAMN04447707	0	0	1
SRR3133093	SAMN04447708	0	0	1
SRR3133094	SAMN04447709	0	0	1
SRR3133095	SAMN04447710	0	0	1
SRR3133096	SAMN04447711	0	0	1
SRR3133097	SAMN04447712	0	0	1
SRR3133098	SAMN04447713	0	0	1
SRR3133099	SAMN04447714	0	0	1
SRR3133100	SAMN04447715	0	0	1
SRR3133101	SAMN04447716	0	0	1
SRR3133102	SAMN04447717	0	0	1
SRR3133103	SAMN04447718	0	0	1
SRR3133104	SAMN04447719	0	0	1
SRR3133105	SAMN04447720	0	0	1
SRR3133106	SAMN04447721	0	0	1
SRR3133107	SAMN04447722	0	0	1
SRR3135171	SAMN04448596	0	0	0
SRR3135275	SAMN04448648	1	0	0
SRR3137567	SAMN04450953	0	0	0
SRR3137568	SAMN04450954	0	0	0
SRR3137569	SAMN04450955	0	0	0
SRR3137570	SAMN04450956	0	0	0
SRR3137571	SAMN04450957	0	0	0
SRR3137572	SAMN04450958	0	0	0
SRR3137574	SAMN04450960	0	0	0
SRR3137575	SAMN04450961	0	0	0
SRR3137579	SAMN04450965	0	0	0
SRR3137580	SAMN04450966	0	0	0
SRR3137581	SAMN04450967	0	0	0
SRR3137582	SAMN04450968	0	0	0
SRR3137583	SAMN04450969	0	0	0
SRR3137584	SAMN04450970	0	0	0
SRR3137585	SAMN04450971	0	0	0
SRR3137586	SAMN04450972	0	0	0
SRR3137587	SAMN04450973	0	0	0
SRR3137588	SAMN04450974	0	0	0
SRR3137589	SAMN04450975	0	0	0
SRR3137590	SAMN04450976	0	0	0
SRR3146378	SAMN04457322	0	0	1
SRR3146379	SAMN04457323	0	0	1
SRR3146380	SAMN04457324	0	0	1
SRR3146381	SAMN04457325	0	0	1
SRR3146382	SAMN04457326	0	0	1
SRR3146383	SAMN04457327	0	0	1
SRR3146384	SAMN04457328	0	0	1
SRR3146385	SAMN04457329	0	0	1
SRR3146386	SAMN04457330	0	0	1
SRR3146387	SAMN04457331	0	0	1
SRR3151888	SAMN04479995	0	0	0
SRR3151889	SAMN04479996	0	0	0
SRR3151890	SAMN04479997	0	0	0
SRR3151891	SAMN04479998	0	0	0
SRR3152160	SAMN04480078	1	0	0
SRR3152161	SAMN04480079	1	0	0
SRR3152162	SAMN04480080	1	0	0
SRR3152492	SAMN04480650	0	0	0
SRR3152495	SAMN04480653	0	0	0
SRR3152496	SAMN04480654	0	0	0
SRR3152497	SAMN04480655	0	0	0
SRR3152498	SAMN04480656	0	0	0
SRR3152499	SAMN04480657	0	0	0
SRR3152500	SAMN04480658	1	0	0
SRR3152502	SAMN04480660	0	0	0
SRR3152503	SAMN04480661	0	0	0
SRR3152504	SAMN04480662	0	0	0
SRR3152506	SAMN04480664	0	0	0
SRR3152507	SAMN04480665	0	0	0
SRR3152508	SAMN04480666	0	0	0
SRR3152510	SAMN04480668	1	0	0
SRR3159147	SAMN04482432	0	0	1
SRR3159148	SAMN04482433	0	0	1
SRR3159149	SAMN04482434	0	0	1
SRR3159150	SAMN04482435	0	0	1
SRR3159151	SAMN04482436	0	0	1
SRR3159152	SAMN04482437	0	0	1
SRR3159153	SAMN04482438	0	0	1
SRR3159154	SAMN04482439	0	0	1
SRR3159155	SAMN04482440	0	0	1
SRR3159156	SAMN04482441	0	0	1
SRR3159157	SAMN04482442	0	0	1
SRR3159158	SAMN04482443	0	0	1
SRR3159159	SAMN04482444	0	0	1
SRR3159160	SAMN04482445	0	0	1
SRR3159161	SAMN04482446	0	0	1
SRR3159162	SAMN04482447	0	0	1
SRR3159163	SAMN04482448	0	0	1
SRR3159164	SAMN04482449	0	0	1
SRR3159165	SAMN04482450	0	0	1
SRR3159166	SAMN04482451	0	0	1
SRR3159167	SAMN04482452	0	0	1
SRR3159168	SAMN04482453	0	0	1
SRR3159169	SAMN04482454	0	0	1
SRR3159170	SAMN04482455	0	0	1
SRR3168639	SAMN04456594	0	0	0
SRR3168640	SAMN04456595	0	0	0
SRR3168642	SAMN04456583	0	1	0
SRR3168648	SAMN04456589	0	0	0
SRR3170229	SAMN04485907	0	0	0
SRR3170230	SAMN04485908	0	0	0
SRR3170231	SAMN04485909	0	0	0
SRR3170232	SAMN04485910	0	0	0
SRR3170233	SAMN04485911	0	0	0
SRR3170234	SAMN04485912	0	0	0
SRR3170235	SAMN04485913	0	0	0
SRR3170236	SAMN04485914	0	0	0
SRR3170237	SAMN04485915	0	0	0
SRR3170238	SAMN04485916	0	0	0
SRR3170239	SAMN04485917	0	0	0
SRR3170240	SAMN04485918	0	0	0
SRR3170241	SAMN04485901	0	0	0
SRR3170242	SAMN04485902	0	0	0
SRR3170243	SAMN04485903	0	0	0
SRR3170244	SAMN04485904	0	0	0
SRR3170246	SAMN04485906	0	0	0
SRR3170252	SAMN04487133	0	0	0
SRR3170253	SAMN04487134	0	0	0
SRR3170254	SAMN04487135	0	0	0
SRR3170255	SAMN04487136	0	0	0
SRR3170256	SAMN04487137	0	0	0
SRR3170257	SAMN04487138	0	0	0
SRR3170260	SAMN04487141	0	0	0
SRR3170261	SAMN04487142	0	0	0
SRR3170262	SAMN04487143	0	0	0
SRR3170263	SAMN04487144	0	0	0
SRR3170264	SAMN04487145	0	0	0
SRR3170266	SAMN04487147	0	0	0
SRR3170267	SAMN04487148	0	0	0
SRR3170268	SAMN04487149	0	0	0
SRR3170530	SAMN04487132	0	0	0
SRR3170587	SAMN04488268	0	0	0
SRR3170588	SAMN04488269	0	0	0
SRR3170589	SAMN04488270	0	0	0
SRR3170590	SAMN04488271	0	0	0
SRR3170591	SAMN04488272	0	0	0
SRR3170592	SAMN04488273	0	0	0
SRR3170593	SAMN04488274	0	0	0
SRR3170594	SAMN04488275	0	0	0
SRR3170595	SAMN04488276	0	0	0
SRR3170596	SAMN04488277	0	0	0
SRR3170597	SAMN04488278	0	0	0
SRR3170598	SAMN04488279	0	0	0
SRR3170599	SAMN04488280	0	0	0
SRR3170600	SAMN04488281	0	0	0
SRR3170601	SAMN04488282	0	0	0
SRR3170602	SAMN04488283	0	0	0
SRR3170603	SAMN04488284	0	0	0
SRR3170604	SAMN04488285	0	0	0
SRR3170605	SAMN04488286	0	0	0
SRR3170606	SAMN04488287	0	0	0
SRR3170608	SAMN04488289	0	0	0
SRR3170609	SAMN04488290	0	0	0
SRR3170610	SAMN04488291	0	0	0
SRR3170612	SAMN04488293	0	0	0
SRR3170733	SAMN04491035	1	0	0
SRR3170734	SAMN04491036	1	0	0
SRR3170735	SAMN04491037	1	0	0
SRR3170736	SAMN04491038	1	0	0
SRR3170737	SAMN04491039	1	0	0
SRR3170738	SAMN04491040	1	0	0
SRR3170739	SAMN04491041	1	0	0
SRR3170740	SAMN04491042	0	0	0
SRR3170768	SAMN04491433	1	0	0
SRR3170769	SAMN04491434	1	0	0
SRR3170770	SAMN04491435	1	0	0
SRR3170771	SAMN04491436	1	0	0
SRR3170772	SAMN04491437	1	0	0
SRR3170773	SAMN04491438	1	0	0
SRR3170774	SAMN04491439	1	0	0
SRR3170775	SAMN04491440	1	0	0
SRR3170776	SAMN04491441	1	0	0
SRR3170777	SAMN04491442	1	0	0
SRR3170778	SAMN04491443	1	0	0
SRR3170779	SAMN04491444	1	0	0
SRR3170780	SAMN04491445	1	0	0
SRR3170781	SAMN04491446	1	0	0
SRR3170782	SAMN04491447	1	0	0
SRR3170783	SAMN04491448	1	0	0
SRR3170784	SAMN04491449	1	0	0
SRR3170785	SAMN04491450	1	0	0
SRR3170786	SAMN04491451	1	0	0
SRR3170787	SAMN04491452	1	0	0
SRR3170788	SAMN04491453	1	0	0
SRR3170789	SAMN04491454	1	0	0
SRR3197175	SAMN04516582	0	0	0
SRR3197589	SAMN04525189	0	0	0
SRR3197590	SAMN04525190	0	0	0
SRR3197591	SAMN04525191	0	0	0
SRR3197592	SAMN04525192	0	0	0
SRR3197593	SAMN04525193	0	0	0
SRR3197594	SAMN04525194	0	0	0
SRR3197595	SAMN04525195	0	0	0
SRR3197596	SAMN04525196	0	0	0
SRR3197597	SAMN04525197	0	0	0
SRR3197599	SAMN04525199	0	0	0
SRR3197600	SAMN04525200	0	0	0
SRR3197602	SAMN04525201	0	0	0
SRR3197603	SAMN04525202	0	0	0
SRR3197604	SAMN04525203	0	0	0
SRR3197605	SAMN04525204	0	0	0
SRR3197606	SAMN04525205	0	0	0
SRR3197607	SAMN04525206	0	0	0
SRR3197608	SAMN04525207	0	0	0
SRR3197609	SAMN04525208	0	0	0
SRR3197610	SAMN04525209	0	0	0
SRR3216436	SAMN04515401	0	0	0
SRR3216437	SAMN04515407	0	0	0
SRR3216439	SAMN04544429	0	0	0
SRR3216440	SAMN04544430	0	0	0
SRR3216441	SAMN04544431	0	0	0
SRR3216442	SAMN04544432	0	0	0
SRR3217267	SAMN04515391	0	0	0
SRR3217268	SAMN04515395	0	0	0
SRR3217269	SAMN04515397	0	0	0
SRR3217271	SAMN04515399	0	0	0
SRR3217272	SAMN04515405	0	0	0
SRR3217273	SAMN04515409	0	0	0
SRR3217321	SAMN04515390	0	0	0
SRR3217322	SAMN04515392	0	0	0
SRR3217323	SAMN04515393	0	0	0
SRR3217324	SAMN04515394	0	0	0
SRR3217325	SAMN04515400	0	0	0
SRR3217328	SAMN04515402	0	0	0
SRR3217329	SAMN04515403	0	0	0
SRR3217330	SAMN04515404	0	0	0
SRR3217331	SAMN04515406	0	0	0
SRR3217332	SAMN04515408	0	0	0
SRR3217387	SAMN04515789	0	0	0
SRR3217388	SAMN04515790	0	0	0
SRR3217389	SAMN04515791	0	0	0
SRR3217390	SAMN04515792	0	0	0
SRR3217391	SAMN04515793	0	0	0
SRR3217392	SAMN04515794	0	0	0
SRR3217394	SAMN04515796	0	0	0
SRR3217395	SAMN04515797	0	0	0
SRR3217396	SAMN04515798	0	0	0
SRR3217397	SAMN04515799	0	0	0
SRR3217398	SAMN04515800	0	0	0
SRR3217399	SAMN04515801	0	0	0
SRR3217400	SAMN04515802	0	0	0
SRR3217401	SAMN04515803	0	0	0
SRR3217402	SAMN04515804	0	0	0
SRR3217403	SAMN04515805	0	0	0
SRR3217404	SAMN04515806	0	0	0
SRR3217405	SAMN04515807	0	0	0
SRR3217406	SAMN04515808	0	0	0
SRR3217407	SAMN04515809	0	0	0
SRR3218381	SAMN04545389	0	0	0
SRR3218382	SAMN04545390	0	0	0
SRR3218383	SAMN04545391	0	0	0
SRR3218384	SAMN04545392	0	0	0
SRR3218385	SAMN04545393	0	0	0
SRR3218386	SAMN04545394	0	0	0
SRR3218387	SAMN04545395	0	0	0
SRR3218388	SAMN04545396	0	0	0
SRR3218389	SAMN04545397	0	0	0
SRR3218390	SAMN04545398	0	0	0
SRR3218391	SAMN04545399	0	0	0
SRR3218392	SAMN04545400	0	0	0
SRR3218393	SAMN04545401	0	0	0
SRR3218394	SAMN04545402	0	0	0
SRR3218395	SAMN04545403	0	0	0
SRR3218396	SAMN04545404	0	0	0
SRR3218397	SAMN04545405	0	0	0
SRR3218398	SAMN04545406	0	0	0
SRR3218399	SAMN04545407	0	0	0
SRR3218400	SAMN04545408	0	0	0
SRR3218401	SAMN04545409	0	0	0
SRR3218402	SAMN04545410	0	0	0
SRR3222484	SAMN04546716	0	0	0
SRR3222485	SAMN04546717	0	0	0
SRR3222486	SAMN04546718	0	0	0
SRR3222487	SAMN04546719	0	0	0
SRR3222488	SAMN04546720	0	0	0
SRR3222489	SAMN04546721	0	0	0
SRR3222490	SAMN04546722	0	0	0
SRR3222491	SAMN04546723	0	0	0
SRR3222492	SAMN04546724	0	0	0
SRR3222493	SAMN04546725	0	0	0
SRR3222494	SAMN04546726	0	0	0
SRR3222495	SAMN04546727	0	0	0
SRR3222496	SAMN04546728	0	0	0
SRR3222497	SAMN04546729	0	0	0
SRR3222498	SAMN04546730	0	0	0
SRR3222499	SAMN04546731	0	0	0
SRR3223161	SAMN04547088	0	0	0
SRR3223162	SAMN04547089	0	0	0
SRR3223163	SAMN04547090	0	0	0
SRR3223164	SAMN04547091	0	0	0
SRR3223165	SAMN04547092	0	0	0
SRR3223166	SAMN04547093	0	0	0
SRR3223167	SAMN04547094	0	0	0
SRR3223168	SAMN04547095	0	0	0
SRR3223169	SAMN04547096	0	0	0
SRR3223170	SAMN04547097	0	0	0
SRR3223171	SAMN04547098	0	0	0
SRR3223172	SAMN04547099	0	0	0
SRR3223173	SAMN04547100	0	0	0
SRR3223174	SAMN04547101	0	0	0
SRR3223175	SAMN04547102	0	0	0
SRR3223176	SAMN04547103	0	0	0
SRR3223177	SAMN04547104	0	0	0
SRR3223178	SAMN04547105	0	0	0
SRR3223179	SAMN04547106	0	0	0
SRR3223180	SAMN04547107	0	0	0
SRR3223465	SAMN04549255	0	0	0
SRR3223466	SAMN04549256	0	0	0
SRR3223467	SAMN04549257	0	0	0
SRR3223469	SAMN04549259	0	0	0
SRR3223470	SAMN04549260	0	0	0
SRR3223471	SAMN04549261	0	0	0
SRR3223472	SAMN04549262	0	0	0
SRR3223473	SAMN04549263	0	0	0
SRR3223474	SAMN04549264	0	0	0
SRR3223476	SAMN04549266	0	0	0
SRR3223478	SAMN04549268	0	0	0
SRR3223479	SAMN04549269	0	0	0
SRR3223480	SAMN04549270	0	0	0
SRR3223481	SAMN04549271	0	0	0
SRR3223482	SAMN04549272	0	0	0
SRR3223483	SAMN04549273	0	0	0
SRR3223484	SAMN04549274	0	0	0
SRR3223485	SAMN04549275	0	0	0
SRR3223550	SAMN04549300	0	0	0
SRR3223552	SAMN04549302	0	0	0
SRR3223553	SAMN04549303	0	0	0
SRR3223554	SAMN04549304	0	0	0
SRR3223555	SAMN04549305	0	0	0
SRR3223556	SAMN04549306	0	0	0
SRR3223557	SAMN04549307	0	0	0
SRR3223558	SAMN04549308	0	0	0
SRR3223560	SAMN04549310	0	0	0
SRR3223561	SAMN04549311	0	0	0
SRR3223562	SAMN04549312	0	0	0
SRR3223563	SAMN04549313	0	0	0
SRR3223564	SAMN04549314	0	0	0
SRR3223565	SAMN04549315	0	0	0
SRR3223566	SAMN04549316	0	0	0
SRR3223567	SAMN04549317	0	0	0
SRR3223568	SAMN04549318	0	0	0
SRR3223910	SAMN04549497	0	0	0
SRR3223911	SAMN04549498	0	0	0
SRR3223912	SAMN04549499	0	0	0
SRR3223913	SAMN04549500	0	0	0
SRR3223914	SAMN04549501	0	0	0
SRR3223915	SAMN04549502	0	0	0
SRR3223916	SAMN04549503	0	0	0
SRR3223917	SAMN04549504	0	0	0
SRR3223918	SAMN04549505	0	0	0
SRR3223919	SAMN04549506	0	0	0
SRR3223920	SAMN04549507	0	0	0
SRR3223921	SAMN04549508	0	0	0
SRR3223922	SAMN04549509	0	0	0
SRR3223923	SAMN04549510	0	0	0
SRR3223924	SAMN04549511	0	0	0
SRR3223925	SAMN04549512	0	0	0
SRR3223926	SAMN04549513	0	0	0
SRR3223927	SAMN04549514	0	0	0
SRR3223928	SAMN04549515	0	0	0
SRR3223929	SAMN04549516	0	0	0
SRR3224227	SAMN04549546	0	0	0
SRR3224228	SAMN04549547	0	0	0
SRR3224230	SAMN04549549	0	1	0
SRR3224231	SAMN04549550	0	0	0
SRR3224232	SAMN04549551	0	0	0
SRR3224233	SAMN04549552	0	0	0
SRR3224234	SAMN04549553	0	0	0
SRR3224235	SAMN04549554	0	0	0
SRR3224236	SAMN04549555	0	0	0
SRR3224237	SAMN04549556	0	0	0
SRR3224238	SAMN04549557	0	0	0
SRR3224239	SAMN04549558	0	0	0
SRR3224240	SAMN04549559	0	0	0
SRR3224241	SAMN04549560	0	0	0
SRR3224242	SAMN04549561	0	0	0
SRR3224243	SAMN04549562	0	0	0
SRR3224244	SAMN04549563	0	0	0
SRR3224793	SAMN04549824	0	0	0
SRR3224794	SAMN04549825	0	0	0
SRR3224795	SAMN04549826	0	0	0
SRR3224796	SAMN04549827	0	0	0
SRR3224797	SAMN04549828	0	0	0
SRR3224798	SAMN04549829	0	0	0
SRR3224799	SAMN04549830	0	0	0
SRR3224800	SAMN04549831	1	0	0
SRR3224801	SAMN04549832	0	0	0
SRR3224802	SAMN04549833	0	0	0
SRR3224803	SAMN04549834	0	0	0
SRR3224804	SAMN04549835	0	0	0
SRR3224805	SAMN04549837	0	0	0
SRR3224806	SAMN04549838	0	0	0
SRR3224807	SAMN04549839	0	0	0
SRR3224808	SAMN04549840	0	0	0
SRR3224809	SAMN04549841	0	0	0
SRR3224810	SAMN04549842	0	0	0
SRR3224811	SAMN04549843	0	0	0
SRR3224812	SAMN04549844	0	0	0
SRR3224982	SAMN04549865	0	0	0
SRR3224984	SAMN04549866	0	0	0
SRR3224985	SAMN04549867	0	0	0
SRR3224986	SAMN04549868	0	0	0
SRR3224987	SAMN04549869	0	0	0
SRR3224988	SAMN04549870	0	0	0
SRR3224989	SAMN04549871	0	0	0
SRR3224990	SAMN04549872	0	0	0
SRR3224991	SAMN04549873	0	0	0
SRR3224992	SAMN04549874	0	0	0
SRR3224993	SAMN04549875	0	0	0
SRR3224994	SAMN04549876	0	0	0
SRR3224995	SAMN04549877	0	0	0
SRR3224996	SAMN04549878	0	0	0
SRR3224997	SAMN04549879	0	0	0
SRR3224998	SAMN04549880	0	0	0
SRR3224999	SAMN04549881	0	0	0
SRR3225001	SAMN04549883	0	0	0
SRR3225002	SAMN04549884	0	0	0
SRR3225003	SAMN04549885	0	0	0
SRR3225041	SAMN04550075	0	0	0
SRR3225042	SAMN04550076	0	0	0
SRR3225043	SAMN04550077	0	0	0
SRR3225044	SAMN04550078	0	0	0
SRR3225045	SAMN04550079	0	0	0
SRR3225046	SAMN04550080	0	0	0
SRR3225047	SAMN04550081	0	0	0
SRR3225048	SAMN04550082	0	0	0
SRR3225049	SAMN04550083	0	0	0
SRR3225050	SAMN04550084	0	0	0
SRR3225051	SAMN04550085	0	0	0
SRR3225052	SAMN04550086	0	0	0
SRR3225053	SAMN04550087	0	0	0
SRR3225054	SAMN04550088	0	0	0
SRR3225055	SAMN04550089	0	0	0
SRR3225056	SAMN04550090	0	0	0
SRR3225057	SAMN04550091	0	0	0
SRR3225058	SAMN04550092	0	0	0
SRR3225059	SAMN04550093	0	0	0
SRR3225060	SAMN04550094	0	0	0
SRR3225061	SAMN04550095	0	0	0
SRR3225230	SAMN04550105	0	0	0
SRR3225231	SAMN04550106	0	0	0
SRR3225232	SAMN04550107	0	0	0
SRR3225233	SAMN04550108	0	0	0
SRR3225234	SAMN04550109	0	0	0
SRR3225235	SAMN04550110	0	0	0
SRR3225236	SAMN04550111	0	0	0
SRR3225237	SAMN04550112	0	0	0
SRR3225238	SAMN04550113	0	0	0
SRR3225240	SAMN04550114	0	0	0
SRR3225241	SAMN04550115	0	0	0
SRR3225242	SAMN04550116	0	0	0
SRR3225243	SAMN04550117	0	0	0
SRR3225244	SAMN04550118	0	0	0
SRR3225245	SAMN04550119	0	0	0
SRR3225246	SAMN04550120	0	0	0
SRR3225248	SAMN04550122	0	0	0
SRR3225249	SAMN04550123	0	0	0
SRR3225250	SAMN04550124	0	0	0
SRR3226988	SAMN04555174	0	0	0
SRR3226989	SAMN04555175	0	0	0
SRR3226990	SAMN04555176	0	0	0
SRR3226991	SAMN04555177	0	0	0
SRR3226992	SAMN04555178	0	0	0
SRR3226993	SAMN04555179	0	0	0
SRR3226994	SAMN04555180	0	0	0
SRR3226995	SAMN04555181	0	0	0
SRR3226996	SAMN04555182	0	0	0
SRR3226997	SAMN04555183	0	0	0
SRR3226998	SAMN04555184	0	0	0
SRR3226999	SAMN04555185	0	0	0
SRR3227001	SAMN04555187	0	0	0
SRR3227002	SAMN04555188	0	0	0
SRR3227003	SAMN04555189	0	0	0
SRR3227004	SAMN04555190	0	0	0
SRR3227005	SAMN04555191	0	0	0
SRR3227006	SAMN04555192	0	0	0
SRR3227007	SAMN04555193	0	0	0
SRR3227008	SAMN04555194	0	0	0
SRR3227009	SAMN04555195	0	0	0
SRR3227010	SAMN04555196	0	0	0
SRR3227011	SAMN04555197	0	0	0
SRR3227012	SAMN04555198	0	0	0
SRR3227013	SAMN04555199	0	0	0
SRR3227014	SAMN04555200	0	0	0
SRR3227015	SAMN04555201	0	0	0
SRR3227016	SAMN04555202	0	0	0
SRR3227017	SAMN04555203	0	0	0
SRR3227018	SAMN04555204	0	0	0
SRR3227019	SAMN04555205	0	0	0
SRR3227020	SAMN04555206	0	0	0
SRR3227021	SAMN04555207	0	0	0
SRR3227022	SAMN04555208	0	0	0
SRR3227023	SAMN04555209	0	0	0
SRR3227024	SAMN04555210	0	0	0
SRR3227025	SAMN04555211	0	0	0
SRR3227026	SAMN04555212	0	0	0
SRR3227027	SAMN04555213	0	0	0
SRR3227028	SAMN04555214	0	0	0
SRR3227029	SAMN04555215	0	0	0
SRR3227030	SAMN04555216	0	0	0
SRR3227031	SAMN04555217	0	0	0
SRR3227032	SAMN04555218	0	0	0
SRR3227033	SAMN04555219	0	0	1
SRR3227034	SAMN04555220	0	0	0
SRR3227035	SAMN04555221	0	0	0
SRR3227036	SAMN04555222	0	0	0
SRR3227037	SAMN04555223	0	0	0
SRR3227038	SAMN04555224	0	0	0
SRR3227039	SAMN04555225	0	0	0
SRR3227040	SAMN04555226	0	0	0
SRR3227041	SAMN04555227	0	0	0
SRR3227042	SAMN04555228	0	0	0
SRR3227043	SAMN04555229	0	0	0
SRR3227044	SAMN04555230	0	0	0
SRR3227045	SAMN04555231	0	0	0
SRR3227046	SAMN04555232	0	0	0
SRR3227047	SAMN04555233	0	0	0
SRR3227048	SAMN04555234	0	0	0
SRR3228473	SAMN04555289	0	0	0
SRR3228474	SAMN04555290	0	0	0
SRR3228475	SAMN04555291	0	0	0
SRR3228476	SAMN04555292	0	0	0
SRR3228477	SAMN04555293	0	0	0
SRR3228478	SAMN04555294	0	0	0
SRR3228479	SAMN04555295	0	0	0
SRR3228480	SAMN04555296	0	0	0
SRR3228481	SAMN04555297	0	0	0
SRR3228482	SAMN04555298	0	0	0
SRR3228483	SAMN04555299	0	0	0
SRR3228488	SAMN04555300	0	0	0
SRR3228489	SAMN04555301	0	0	0
SRR3228490	SAMN04555302	0	0	0
SRR3228491	SAMN04555303	0	0	0
SRR3228492	SAMN04555304	0	0	0
SRR3228493	SAMN04555305	0	0	0
SRR3228494	SAMN04555306	0	0	0
SRR3228495	SAMN04555307	0	0	0
SRR3228496	SAMN04555308	0	0	0
SRR3228497	SAMN04555309	0	0	0
SRR3228498	SAMN04555310	0	0	0
SRR3228533	SAMN04555479	0	0	0
SRR3228534	SAMN04555480	0	0	0
SRR3228535	SAMN04555481	0	0	0
SRR3228536	SAMN04555482	0	0	0
SRR3228537	SAMN04555483	0	0	0
SRR3228538	SAMN04555484	0	0	0
SRR3228539	SAMN04555485	0	0	0
SRR3228540	SAMN04555486	0	0	0
SRR3228541	SAMN04555487	0	0	0
SRR3228542	SAMN04555488	0	0	0
SRR3228543	SAMN04555489	0	0	0
SRR3228544	SAMN04555490	0	0	0
SRR3228545	SAMN04555491	0	0	0
SRR3228546	SAMN04555492	0	0	0
SRR3228547	SAMN04555493	0	0	0
SRR3228548	SAMN04555494	0	0	0
SRR3228549	SAMN04555495	0	0	0
SRR3228550	SAMN04555496	0	0	0
SRR3228551	SAMN04555497	0	0	0
SRR3228552	SAMN04555498	0	0	0
SRR3228553	SAMN04555499	0	0	0
SRR3228554	SAMN04555500	0	0	0
SRR3228555	SAMN04555501	0	0	0
SRR3228556	SAMN04555502	0	0	0
SRR3228557	SAMN04555503	0	0	0
SRR3228558	SAMN04555504	0	0	0
SRR3228559	SAMN04555505	0	0	0
SRR3228560	SAMN04555506	0	0	0
SRR3228561	SAMN04555507	0	0	0
SRR3228562	SAMN04555508	0	0	0
SRR3228563	SAMN04555509	0	0	0
SRR3228564	SAMN04555510	0	0	0
SRR3228565	SAMN04555511	0	0	0
SRR3228566	SAMN04555512	0	0	0
SRR3228567	SAMN04555513	0	0	0
SRR3228568	SAMN04555514	0	0	0
SRR3228569	SAMN04555515	0	0	0
SRR3228570	SAMN04555516	0	0	0
SRR3228571	SAMN04555517	0	0	0
SRR3228572	SAMN04555518	0	0	0
SRR3228573	SAMN04555519	0	0	0
SRR3228574	SAMN04555520	0	0	0
SRR3228575	SAMN04555521	0	0	0
SRR3242011	SAMN04014904	1	1	0
SRR3242016	SAMN04014919	0	0	0
SRR3242017	SAMN04014924	1	0	0
SRR3242022	SAMN04014929	0	0	0
SRR3242026	SAMN04014942	0	1	0
SRR3242027	SAMN04014943	0	0	0
SRR3242033	SAMN04568502	0	0	0
SRR3242034	SAMN04568503	0	0	0
SRR3242035	SAMN04568504	0	0	0
SRR3242036	SAMN04568505	0	0	0
SRR3242037	SAMN04568506	0	0	0
SRR3242038	SAMN04568507	0	0	0
SRR3242039	SAMN04568508	0	0	0
SRR3242040	SAMN04568509	0	0	0
SRR3242041	SAMN04568510	0	0	0
SRR3242042	SAMN04568511	0	0	0
SRR3242043	SAMN04568512	0	0	0
SRR3242044	SAMN04568513	0	0	0
SRR3242045	SAMN04568514	0	0	0
SRR3242046	SAMN04568515	0	0	0
SRR3242047	SAMN04568516	0	0	0
SRR3242048	SAMN04568517	0	0	0
SRR3242049	SAMN04568518	0	0	0
SRR3242050	SAMN04568519	0	0	0
SRR3242051	SAMN04568520	0	0	0
SRR3242052	SAMN04568521	0	0	0
SRR3242053	SAMN04568522	0	0	0
SRR3242054	SAMN04568523	0	0	0
SRR3502988	SAMN04993337	1	0	0
SRR3502990	SAMN04993338	1	0	0
SRR3502996	SAMN04993339	0	0	0
SRR3503026	SAMN04993340	1	0	0
SRR3503028	SAMN04993341	1	0	0
SRR3503029	SAMN04993343	1	0	0
SRR3503033	SAMN04993345	1	0	0
SRR3503035	SAMN04993349	1	0	0
SRR3503038	SAMN04993350	0	0	0
SRR3503441	SAMN04993351	1	0	0
SRR3503443	SAMN04993353	0	1	0
SRR3503444	SAMN04993355	1	0	0
SRR3503448	SAMN04993357	1	0	0
SRR3503451	SAMN04993359	1	0	0
SRR3503456	SAMN04993360	1	0	0
SRR3503457	SAMN04993363	1	0	0
SRR3503458	SAMN04993365	1	0	0
SRR3503459	SAMN04993366	1	0	0
SRR3503472	SAMN04993370	0	0	0
SRR3503473	SAMN04993372	1	0	0
SRR3503474	SAMN04993374	1	0	0
SRR3503476	SAMN04993377	1	0	0
SRR3503601	SAMN04993378	1	0	0
SRR3503602	SAMN04993379	0	0	0
SRR3503603	SAMN04993381	1	0	0
SRR3503610	SAMN04993382	1	0	0
SRR3503615	SAMN04993384	1	0	0
SRR3503617	SAMN04993412	1	0	0
SRR3503620	SAMN04993385	1	0	0
SRR3503622	SAMN04993386	1	0	0
SRR3503626	SAMN04993413	1	0	0
SRR3503631	SAMN04993414	0	1	0
SRR3503820	SAMN04993416	1	0	0
SRR3503822	SAMN04993417	0	0	0
SRR3503825	SAMN04993418	1	0	0
SRR3503827	SAMN04993419	0	0	0
SRR3503828	SAMN04993420	1	0	0
SRR3503830	SAMN04993415	0	1	0
SRR3503835	SAMN04993421	1	0	0
SRR3503836	SAMN04993422	1	0	0
SRR3503841	SAMN04993424	1	0	0
SRR3503843	SAMN04993426	1	0	0
SRR3503845	SAMN04993427	0	0	0
SRR3503898	SAMN04993429	1	0	0
SRR3503900	SAMN04993430	1	0	0
SRR3503903	SAMN04993434	1	0	0
SRR3503904	SAMN04993432	1	0	0
SRR3503905	SAMN04993435	1	0	0
SRR3503907	SAMN04993437	0	0	0
SRR3503909	SAMN04993438	1	0	0
SRR3503910	SAMN04993440	1	0	0
SRR3503911	SAMN04993442	1	0	0
SRR3503913	SAMN04993444	1	0	0
SRR3503914	SAMN04993445	1	0	0
SRR3503915	SAMN04993447	1	0	0
SRR3503957	SAMN04993449	1	0	0
SRR3504013	SAMN04993451	0	1	0
SRR3504014	SAMN04993453	1	0	0
SRR3504016	SAMN04993455	1	0	0
SRR3504095	SAMN04993388	1	0	0
SRR3504097	SAMN04993390	1	0	0
SRR3504099	SAMN04993393	1	0	0
SRR3504209	SAMN04993397	1	0	0
SRR3504211	SAMN04993399	1	0	0
SRR3504213	SAMN04993401	1	0	0
SRR3504215	SAMN04993405	1	0	0
SRR3504216	SAMN04993407	1	0	0
SRR3504218	SAMN04993409	1	0	0
SRR3504220	SAMN04993411	1	0	0
SRR3536229	SAMN04993368	1	0	0
SRR4417569	SAMN04901663	1	0	0
SRR4417570	SAMN04901664	0	1	0
SRR4417571	SAMN04901673	1	0	0
SRR4417572	SAMN04901674	0	1	0
SRR4417573	SAMN04901675	0	1	0
SRR4417574	SAMN04901676	0	0	0
SRR4417575	SAMN04901677	0	1	0
SRR4417577	SAMN04901678	1	0	0
SRR4417578	SAMN04901679	0	1	0
SRR4417579	SAMN04901680	1	0	0
SRR4417581	SAMN04901681	1	0	0
SRR4417582	SAMN04901682	0	1	0
SRR4417583	SAMN04901665	1	0	0
SRR4417585	SAMN04901683	0	1	0
SRR4417586	SAMN04901684	1	0	0
SRR4417587	SAMN04901685	1	0	0
SRR4417589	SAMN04901686	1	0	0
SRR4417590	SAMN04901687	1	0	0
SRR4417591	SAMN04901688	0	0	0
SRR4417592	SAMN04901689	1	0	0
SRR4417593	SAMN04901690	0	0	0
SRR4417594	SAMN04901691	0	1	0
SRR4417595	SAMN04901692	1	0	0
SRR4417598	SAMN04901693	1	0	0
SRR4417599	SAMN04901694	0	1	0
SRR4417600	SAMN04901695	0	1	0
SRR4417601	SAMN04901696	0	1	0
SRR4417602	SAMN04901697	0	0	0
SRR4417603	SAMN04901698	0	0	0
SRR4417604	SAMN04901699	1	0	0
SRR4417605	SAMN04901700	1	0	0
SRR4417606	SAMN04901701	1	0	0
SRR4417607	SAMN04901702	0	0	0
SRR4417608	SAMN04901667	0	1	0
SRR4417609	SAMN04901703	1	0	0
SRR4417610	SAMN04901668	1	0	0
SRR4417611	SAMN04901669	1	0	0
SRR4417612	SAMN04901670	0	0	0
SRR4417613	SAMN04901671	0	0	0
SRR4417614	SAMN04901672	1	0	0
SRR5120223	SAMN06007771	0	0	0
SRR5237398	SAMN06311521	0	1	0
SRR5445923	SAMN06754731	0	0	0
SRR5445925	SAMN06754729	0	0	0
SRR5477432	SAMN06827909	1	0	0
SRR5477433	SAMN06827878	0	1	0
SRR5477434	SAMN06827876	0	1	0
SRR5477435	SAMN06827877	1	0	0
SRR5477436	SAMN06827875	1	0	0
SRR5477437	SAMN06827873	0	1	0
SRR5477438	SAMN06827874	1	0	0
SRR5477439	SAMN06827872	1	0	0
SRR5477440	SAMN06827910	1	1	0
SRR5511001	SAMN06837745	0	0	0
SRR5511002	SAMN06837743	0	0	0
SRR5511003	SAMN06837744	1	0	0
SRR5511005	SAMN06837773	0	0	0
SRR5511006	SAMN06837775	0	0	0
SRR5511007	SAMN06837776	0	0	0
SRR5511008	SAMN06837774	1	0	0
SRR5511025	SAMN06837772	0	0	0
SRR5511027	SAMN06837771	1	0	0
SRR5511028	SAMN06837769	0	0	0
SRR5511029	SAMN06837765	1	1	0
SRR5511031	SAMN06837767	1	0	0
SRR5511034	SAMN06837763	0	0	0
SRR5511035	SAMN06837762	0	0	0
SRR5511047	SAMN06837759	1	0	0
SRR5511048	SAMN06837761	0	1	0
SRR5511049	SAMN06837758	0	0	0
SRR5511050	SAMN06837757	1	0	0
SRR5511051	SAMN06837756	0	0	0
SRR5511077	SAMN06837752	0	0	0
SRR5511079	SAMN06837750	1	0	0
SRR5511080	SAMN06837751	1	0	0
SRR5511081	SAMN06837753	0	0	0
SRR5511082	SAMN06837749	0	0	0
SRR5511083	SAMN06837748	0	0	0
SRR5511084	SAMN06837742	0	0	0
SRR5511086	SAMN06837740	0	0	0
SRR5511179	SAMN06837741	1	0	0
SRR5511181	SAMN06837803	1	0	0
SRR5511182	SAMN06837807	0	0	0
SRR5511183	SAMN06837737	1	0	0
SRR5511209	SAMN06837797	0	0	0
SRR5511210	SAMN06837800	1	0	0
SRR5511211	SAMN06837802	0	0	0
SRR5511212	SAMN06837799	0	0	0
SRR5511213	SAMN06837791	1	0	0
SRR5511214	SAMN06837796	0	0	1
SRR5511215	SAMN06837794	0	0	0
SRR5511216	SAMN06837792	0	0	0
SRR5511217	SAMN06837787	0	0	0
SRR5511218	SAMN06837789	1	0	0
SRR5511219	SAMN06837788	1	0	0
SRR5511220	SAMN06837786	0	0	0
SRR5511222	SAMN06837783	1	0	0
SRR5511223	SAMN06837784	1	0	0
SRR5511227	SAMN06837812	1	0	0
SRR5511231	SAMN06837813	0	0	0
SRR5511232	SAMN06837809	0	0	0
SRR5511233	SAMN06837811	0	0	0
SRR5511234	SAMN06837836	1	0	0
SRR5511235	SAMN06837810	0	0	0
SRR5511236	SAMN06837835	1	0	0
SRR5511237	SAMN06837832	0	1	0
SRR5511238	SAMN06837833	1	0	0
SRR5511239	SAMN06837834	0	0	0
SRR5511240	SAMN06837831	0	0	0
SRR5511241	SAMN06837830	1	0	0
SRR5511242	SAMN06837829	0	0	1
SRR5511243	SAMN06837825	0	0	0
SRR5511244	SAMN06837828	0	0	0
SRR5511246	SAMN06837826	1	0	0
SRR5511247	SAMN06837823	1	0	0
SRR5511248	SAMN06837824	0	0	0
SRR5511249	SAMN06837822	0	0	0
SRR5511250	SAMN06837821	1	0	0
SRR5511284	SAMN06837817	0	0	0
SRR5511285	SAMN06837818	1	0	0
SRR5511286	SAMN06837816	0	1	0
SRR5511287	SAMN06837819	1	0	0
SRR5511288	SAMN06837814	1	0	0
SRR5511289	SAMN06837815	1	0	0
SRR5519632	SAMN06892213	1	0	0
SRR5519633	SAMN06892214	0	0	0
SRR5519634	SAMN06892212	1	0	0
SRR5519635	SAMN06892216	0	0	0
SRR5519636	SAMN06892215	0	0	0
SRR5519638	SAMN06892211	0	0	0
SRR5519645	SAMN06892209	0	0	0
SRR5519647	SAMN06892210	0	0	0
SRR5519650	SAMN06892248	1	0	0
SRR5519653	SAMN06892249	1	0	0
SRR5519654	SAMN06892244	0	0	0
SRR5519656	SAMN06892245	0	0	0
SRR5519657	SAMN06892242	1	0	0
SRR5519665	SAMN06892241	0	0	0
SRR5519667	SAMN06892237	1	0	0
SRR5519668	SAMN06892239	0	0	0
SRR5519669	SAMN06892227	0	0	0
SRR5519672	SAMN06892231	1	0	0
SRR5519673	SAMN06892234	1	0	0
SRR5519674	SAMN06892224	1	0	0
SRR5519711	SAMN06892225	1	0	0
SRR5519712	SAMN06892226	0	0	0
SRR5519713	SAMN06892223	1	0	0
SRR5519714	SAMN06892222	1	0	0
SRR5519716	SAMN06892220	0	1	0
SRR5519720	SAMN06892218	1	0	0
SRR5519721	SAMN06892217	1	0	0
SRR5519722	SAMN06892219	1	0	0
SRR5519723	SAMN06892221	0	0	0
SRR5519725	SAMN06892299	1	0	0
SRR5519726	SAMN06892300	0	0	0
SRR5519727	SAMN06892296	1	0	0
SRR5519728	SAMN06892297	1	0	0
SRR5519729	SAMN06892292	1	0	0
SRR5519730	SAMN06892294	0	0	0
SRR5519731	SAMN06892295	1	0	0
SRR5519732	SAMN06892293	1	0	0
SRR5519733	SAMN06892290	1	0	0
SRR5519734	SAMN06892287	1	0	0
SRR5519735	SAMN06892285	1	0	0
SRR5519736	SAMN06892288	1	0	0
SRR5519737	SAMN06892289	1	0	0
SRR5519739	SAMN06892283	1	0	0
SRR5519740	SAMN06892284	0	1	0
SRR5519741	SAMN06892282	0	0	0
SRR5519742	SAMN06892281	1	1	0
SRR5519744	SAMN06892277	1	0	0
SRR5519746	SAMN06892276	1	0	0
SRR5519747	SAMN06892275	0	0	0
SRR5519748	SAMN06892260	0	0	0
SRR5519756	SAMN06892258	0	0	0
SRR5519757	SAMN06892256	0	0	0
SRR5519758	SAMN06892254	0	1	0
SRR5519759	SAMN06892257	1	0	0
SRR5519760	SAMN06892205	1	0	0
SRR5519761	SAMN06892204	1	0	0
SRR5519762	SAMN06892331	1	0	0
SRR5519763	SAMN06892206	1	0	0
SRR5519764	SAMN06892325	1	0	0
SRR5519765	SAMN06892330	0	0	0
SRR5519766	SAMN06892328	1	0	0
SRR5519767	SAMN06892326	0	0	0
SRR5519768	SAMN06892329	1	0	0
SRR5519804	SAMN06892323	1	0	0
SRR5519805	SAMN06892324	0	0	0
SRR5519806	SAMN06892321	1	0	0
SRR5519807	SAMN06892322	1	0	0
SRR5519808	SAMN06892320	1	0	0
SRR5519809	SAMN06892316	0	0	0
SRR5519810	SAMN06892315	0	0	0
SRR5519811	SAMN06892318	0	0	0
SRR5519812	SAMN06892314	0	0	0
SRR5519871	SAMN06892311	0	0	0
SRR5519872	SAMN06892310	0	0	0
SRR5519899	SAMN06892308	0	0	0
SRR5660177	SAMN07203008	1	0	0
SRR5660178	SAMN07203011	0	0	0
SRR5660180	SAMN07203012	1	0	0
SRR5660181	SAMN07203010	1	0	0
SRR5660183	SAMN07203009	1	0	0
SRR5862467	SAMN07410719	0	0	0
SRR5862475	SAMN07410709	0	0	0
SRR5891469	SAMN07445130	0	0	0
SRR5891471	SAMN07445129	0	0	0
SRR5891472	SAMN07445128	0	0	0
SRR5891473	SAMN07445127	0	0	0
SRR5891475	SAMN07445126	0	0	0
SRR5891476	SAMN07445125	0	0	0
SRR5891477	SAMN07445132	0	0	0
SRR5891478	SAMN07445131	0	0	0
SRR5891479	SAMN07445124	0	0	0
SRR5891482	SAMN07445123	0	0	0
SRR5891483	SAMN07445121	0	0	0
SRR5891484	SAMN07445122	0	0	0
SRR5891485	SAMN07445119	0	0	0
SRR5891486	SAMN07445120	0	0	0
SRR5891488	SAMN07445118	0	0	0
SRR5891490	SAMN07445133	0	0	0
SRR5891491	SAMN07445114	0	0	0
SRR5891492	SAMN07445115	0	0	0
SRR5891493	SAMN07445113	0	0	0
SRR5891495	SAMN07445112	0	0	0
SRR5891497	SAMN07445111	0	0	0
SRR5891499	SAMN07445116	0	0	0
SRR5891500	SAMN07445117	0	0	0
SRR5901132	SAMN07450848	0	0	0
SRR5943593	SAMN07450689	1	0	0
SRR5943594	SAMN07450687	1	0	0
SRR5943595	SAMN07450688	1	0	0
SRR5943596	SAMN07450686	1	0	0
SRR5943597	SAMN07450683	1	0	0
SRR5943598	SAMN07450685	1	0	0
SRR5943599	SAMN07450684	1	0	0
SRR5943600	SAMN07450597	1	0	0
SRR5943601	SAMN07450598	1	0	0
SRR5943610	SAMN07450596	1	0	0
SRR5943611	SAMN07450595	1	0	0
SRR5943612	SAMN07450594	1	0	0
SRR5943613	SAMN07450593	1	0	0
SRR5943614	SAMN07450722	1	0	0
SRR5943615	SAMN07450720	1	0	0
SRR5943616	SAMN07450721	1	0	0
SRR5943617	SAMN07450719	1	0	0
SRR5943618	SAMN07450718	1	0	0
SRR5943619	SAMN07450717	1	0	0
SRR5943620	SAMN07450715	1	0	0
SRR5943621	SAMN07450716	1	0	0
SRR5943622	SAMN07450714	1	0	0
SRR6037664	SAMN07602915	0	1	0
SRR6799412	SAMN04014911	0	0	1
SRR6799415	SAMN04014897	1	0	0
SRR6807653	SAMN04014893	0	0	1
SRR7821049	SAMN10036073	1	0	0
SRR7821050	SAMN10036074	1	0	0
SRR7821051	SAMN10036071	1	0	0
SRR7821052	SAMN10036072	1	0	0
SRR7821053	SAMN10036077	1	0	0
SRR7821054	SAMN10036078	1	0	0
SRR7821055	SAMN10036075	1	0	0
SRR7821056	SAMN10036076	1	0	0
SRR7821057	SAMN10036079	1	0	0
SRR7821058	SAMN10036080	1	0	0
SRR7821059	SAMN10036083	1	0	0
SRR7821060	SAMN10036084	1	0	0
SRR7821061	SAMN10036081	1	0	0
SRR7821062	SAMN10036082	1	0	0
SRR7821063	SAMN10036087	1	0	0
SRR7821064	SAMN10036088	1	0	0
SRR7821065	SAMN10036085	1	0	0
SRR7821066	SAMN10036086	1	0	0
SRR7821067	SAMN10036089	1	0	0
SRR7821068	SAMN10036090	1	0	0
SRR7821069	SAMN10036093	1	0	0
SRR7821070	SAMN10036092	1	0	0
SRR7821071	SAMN10036091	1	0	0
SRR8837010	SAMN10086814	0	0	0
SRR8837150	SAMN10086821	0	0	0
