sample_id	CDR1	ERG11	FKS1	crr_CDR1	crr_ERG11	crr_FKS1
ERR12543616	1	1	1	1.0591483328235582	1.0582087998793843	1.082395913235146
ERR12543628	1	1	1	1.0587733625747826	0.9056290452207056	1.101308445626605
ERR12543629	1	1	1	1.0985971358466986	0.9437969710498572	1.0323613220947538
ERR12543633	1	1	1	0.963725980962303	0.9947490793815732	0.9682439639348408
ERR12543634	1	1	1	1.0424287628227178	1.074570074577288	1.1234893635397556
ERR12543643	1	1	1	1.0678262960899652	1.082223582444426	1.078832079754931
ERR12543645	1	1	1	1.0064909272460831	0.990233002296434	1.0793882703586202
ERR12543651	1	1	1	1.0104448051322272	0.9900921133553028	1.0368737615314625
ERR12543653	1	1	1	1.0644247670802351	1.0235381107526047	1.0723505471945942
ERR12543656	1	1	1	1.0898625958954558	0.9688049398167504	1.135386486627859
ERR12543668	1	1	1	1.0265735511718823	1.0148436322972283	1.052955014366995
ERR12543674	1	1	1	1.045680648709075	1.002695816849846	1.11105110232018
ERR14122518	1	1	1	1.163262932468653	1.0641829429902705	1.1344798554009163
ERR14122526	1	1	1	1.07892721579989	1.0672308090973153	1.1014450780088
ERR1519357	1	1	1	1.1789835015883736	1.0994236510944226	1.2849641240166565
ERR1519359	1	1	1	1.1154685296324196	1.0481315123146675	1.1794328375964254
ERR15404900	1	1	1	0.9869665813503772	0.9758040305402262	0.963997050927566
ERR15404916	1	2	2	1.263187039078011	1.2735110115381418	1.4544264973967354
ERR15404918	1	2	2	1.0179825666769773	1.2209735223192832	1.272357182386414
ERR15404924	1	2	2	0.8510526626059477	1.1791275911226122	1.2071022109434786
ERR2299872	1	2	2	1.041970908930871	1.4046690559119552	1.395478464687134
ERR2299873	1	1	1	1.0844178332585857	1.211213788283106	1.3110102920827584
ERR2299878	1	2	2	1.125798696118459	1.4872964511390678	1.4551686742521042
ERR2299885	1	2	2	1.106988409027649	1.3130626702007908	1.3588175659991024
ERR2299886	1	1	1	0.948699691012932	0.936463689195049	0.9917532185589052
ERR2299889	1	1	1	0.9276127307489196	0.9814446497449164	1.0873633751998324
ERR2300780	1	1	1	1.0005844960008925	0.9435884759085026	1.0137818247451398
ERR2300781	1	1	1	1.0057067168886935	0.990260084979199	1.0785417974118936
ERR2300788	1	1	1	1.034438316934123	0.927950957194225	1.0708139393795737
ERR2300793	1	1	1	1.0611159240711945	0.9565663126318704	1.0737941079560174
ERR2300807	1	1	1	1.0453414866365145	1.002744668065811	1.1107047559700085
ERR2300809	1	1	1	1.0678105004059644	1.0133294814993186	1.0701297795560258
ERR2300812	1	1	1	0.9877898058750172	1.0758081404055808	1.1797575169449606
ERR2300813	1	1	1	1.0127061233958898	1.1956189192963542	1.168430240916446
ERR3503260	1	1	1	1.1592753659664965	0.9598245943500614	1.1754520699834317
ERR3503262	-1	-1	-1	1.1959748196540094	1.0614580872183552	1.2234249360689116
ERR3503269	1	1	1	1.1288800755428865	1.2037789499099376	0.8327934320648986
ERR3503273	1	1	1	1.0199986392457616	1.1057554684952164	0.796174375881577
ERR4669816	1	1	1	0.9394382115419656	0.88881804685499	1.0250043973271914
ERR4669824	1	1	1	0.9101385177389204	0.9225490056661596	0.9799383963899416
ERR5162370	1	1	1	0.979229989870782	0.9978778132488584	1.1397360015480325
ERR5162374	1	1	1	1.021285662218301	0.8316432550756225	1.090182301020811
ERR5162377	1	1	1	1.0587283820117537	1.0610483387106275	1.0821695983603008
ERR5162384	1	1	1	1.0792744866861927	0.9783494974161656	1.0741829187291465
ERR5162386	1	1	1	0.9962582548292198	0.9367391276484234	1.1419757898077618
ERR5162392	1	1	1	1.159403620991147	1.0276413678359009	1.101286683193054
ERR9874081	1	1	1	1.0551743111108431	1.0914651260075197	1.1898485811004085
ERR9874087	-1	-1	-1	2.737783899866208	1.670679806992984	26.156508980816145
ERR9874090	1	1	1	1.0956682048952362	1.0592403279070308	1.1786777475194703
ERR9874097	1	2	1	1.0878792619905284	1.0903348775710024	1.2906927903969736
ERR9874098	-1	2	2	1.1771935774612472	1.2295487217341945	1.4284585380556634
ERR9874118	1	1	1	1.0956137995044293	0.9707116758997004	1.0721067467288137
ERR9874119	1	1	1	1.0682497640518227	0.9758638871454812	1.1162791027191648
ERR9874120	1	1	1	1.0136834378300557	1.0311217550554364	1.1215801498137552
ERR9874122	1	1	1	1.0424614118819648	1.0745756919043643	1.1234836102449095
SRR10102335	1	3	1	1.0134692714190765	2.958361858187667	1.0088491168506133
SRR10102336	1	1	1	1.012967240567702	1.0199750744228082	1.0524436791538558
SRR10102339	1	1	1	0.9613451885449978	0.972264715383122	1.0816677504108942
SRR10461119	-1	-1	-1	0.8347106445754365	2.7138993202666755	0.5250036524767506
SRR10461126	1	1	1	1.034248922730928	1.0000974485412768	1.1607619285456912
SRR10461129	1	1	1	1.0136534610476815	0.9901629771754316	1.2502976270542958
SRR10461130	1	1	1	1.0104058007776835	0.9040821157756704	1.2277530031205213
SRR10461131	-1	-1	-1	0.8405281975059407	2.6753538988068373	0.5726508257306302
SRR10461134	-1	-1	-1	0.6580835493796536	2.271518491180002	0.5566138122849901
SRR10461136	1	1	1	0.9534872866969856	0.8784832068232247	0.8960436996765908
SRR10461138	1	2	1	1.1197907880452025	2.054985304682248	1.1465123555014936
SRR10461144	1	2	1	1.0829692510446882	1.9748613665196413	1.0845181628400506
SRR10461152	-1	1	-1	1.0121294387737736	0.8988142077084166	0.873159129853425
SRR10461154	1	1	1	1.1144922264291564	0.9877092423659825	1.149813200542975
SRR10461158	1	1	1	0.906247169525797	1.207366032799846	0.8394644710658619
SRR10461165	-1	-1	-1	0.9000560186573741	1.2542827896688744	0.8062861859350985
SRR10461167	1	1	1	1.0018568091317224	1.0871013573484822	1.1680982913338471
SRR10461168	-1	1	-1	0.7342376963912249	0.6896513009199565	0.7919969798783945
SRR10461170	1	1	1	0.9566160663172848	0.931939513090096	1.171890781487096
SRR10461182	1	1	1	1.044793728447582	0.7507439869776085	0.9266898641300308
SRR10461186	1	1	1	0.998841559045046	1.0218865229329	1.1676820829347616
SRR10461193	-1	1	-1	1.0208193973175	0.6647262440148619	0.6015910921520694
SRR10461194	1	1	1	0.9232425728362432	0.9481229327399698	1.0306539632623062
SRR10461196	-1	-1	-1	0.7596088552406335	1.3435478606063558	0.6277718864000266
SRR10461208	1	1	1	0.9276192881145948	0.8671415595373142	1.1037738397994958
SRR10461209	1	1	1	1.0231219245149767	0.795797739444625	1.117698302012134
SRR10461213	1	1	1	1.0702383632280428	0.985260384498708	1.1604693770923675
SRR10461223	1	1	1	1.1006180315621523	1.0483720429283057	1.1739317121044632
SRR10461232	1	1	1	1.053018299232622	1.0037763075511488	1.0839449135670445
SRR10461236	1	2	1	1.0773005790883183	1.8581591115610687	1.141994512559512
SRR10461242	1	2	1	1.019786263949385	1.813540535560269	1.1227540966155194
SRR10461244	1	2	1	1.0325177711698217	1.6814213673955654	1.0875843243455818
SRR10461251	-1	-1	-1	0.9690547963462076	0.9115439163085924	0.7850558620800651
SRR10461254	1	1	1	1.0048186820021328	1.0131301959581784	1.1019810742990437
SRR10461259	1	1	1	1.015337170111378	0.9212773487223828	1.1551205929187067
SRR10461263	1	1	1	1.0095559293794167	0.9876649863215018	1.1453100727715857
SRR10461267	1	2	1	1.0846009090269555	1.9566602033292324	1.0462312408857877
SRR10554763	1	2	1	1.009712552847341	1.039697440595475	1.245361909064387
SRR10693083	-1	-1	-1	1.043568649717448	1.2104246443818465	1.2194954760241192
SRR10693087	-1	-1	-1	1.4482510753150497	1.319611000501281	0.9429614749540596
SRR10851769	1	1	1	0.9573493871309128	0.7784844401635477	1.1106761731994717
SRR11485322	1	2	2	0.8762706639345961	1.2277830402398902	1.5588255337729282
SRR11485324	1	2	1	0.9990869312417312	1.2034082228862175	1.3197201003114818
SRR11485333	1	2	1	1.189476199369885	1.316058781645707	1.0140840479699835
SRR11851714	1	1	1	0.9878869406939284	0.921807580591586	0.9556662428201308
SRR11851718	1	1	1	1.0926100610861362	1.2182424026233123	0.8497436190214652
SRR11851901	-1	-1	-1	0.8883478861853653	1.1041419724653831	0.8341125085240582
SRR11851906	1	1	1	1.067923955439016	1.0544308461220666	0.969035670017819
SRR11851908	-1	-1	-1	1.0474082330420569	1.3745750559349963	0.720094867540536
SRR11851917	-1	1	-1	1.076881150250429	1.4015980296243418	0.8162302237265814
SRR11851920	1	1	1	0.992272042121568	1.317864240699327	0.8994150522689639
SRR11851924	1	1	1	0.9783728920543332	1.124750730013783	0.8997543941488266
SRR12073439	1	1	1	1.0504076006999703	0.8849658030980669	1.110366430425565
SRR12073461	1	1	1	0.974395892550559	0.8906233889105437	1.1297282010382812
SRR12073478	1	1	1	1.0146570621143085	1.2334039464899904	1.299432786429608
SRR12073481	1	1	1	0.9327585271361416	0.8361834992700377	1.1647568907023451
SRR12073483	1	1	1	0.9948279887709298	0.9336589181215168	1.1193727342257878
SRR12526242	1	1	1	0.995083235561407	0.8086775752477678	1.1353128047727394
SRR12526252	1	1	1	0.9161083205650228	1.1786990453822777	1.029967574312893
SRR12659401	1	3	1	1.0459850776903818	2.0277124994831706	1.0447245647525558
SRR12667432	1	1	1	1.0332270734948947	1.026431436108154	1.082943089013028
SRR12667435	1	1	1	1.0159784469408577	0.8594900132445236	1.040978916695047
SRR12667437	1	1	1	1.0195320699078767	0.9389179109097756	1.1042876160665258
SRR12784127	1	1	1	1.1049620533631637	1.043123825472091	1.0728093113614323
SRR12784133	1	1	1	1.0389198959870596	0.990453498738189	1.0341488030751116
SRR12784142	1	1	1	0.9759329967622868	0.9675766034911134	1.05319334711685
SRR12916690	1	1	1	1.0110095025704018	1.0449297817286456	1.015028652912393
SRR13094247	1	2	1	1.0319439171890772	1.9407328704824247	1.024436826301253
SRR13296420	1	4	1	1.0895079745629872	3.765922045517027	1.2783393211924583
SRR13296422	-1	2	2	1.5864384799357922	1.4798307270473403	1.6287297312139193
SRR13303959	1	2	1	1.035024184476086	1.9104445389853435	1.0774492455857587
SRR13362216	1	1	1	1.229086020296545	1.4381217743194088	1.418942139312211
SRR13710769	1	1	1	1.0741885614713444	1.0438711861509689	1.114880156095049
SRR13710776	1	1	-1	1.1127956350542236	0.7698412961299576	1.1401380829351673
SRR13710786	1	1	1	1.023422189710327	1.0464346207193975	1.0671598481254825
SRR13710788	1	1	1	1.0195851703755077	0.9841327357718584	1.1364629478141348
SRR13710793	1	1	1	0.950831478812046	0.9324822795651068	1.0035745137716074
SRR13710797	1	1	1	1.0826547470328995	1.0568200149007754	1.129094657623087
SRR13710801	1	1	1	0.9821970641787078	1.1120937017266492	1.0690894595187117
SRR13710803	1	1	1	0.9694114412727513	0.8992172116169657	1.0353231492197483
SRR13710806	1	1	1	1.0564718460995122	1.0281722471571118	1.0460451521856748
SRR13710809	1	1	1	1.0189723896032865	0.9328714605817912	1.0941174290921505
SRR13710810	1	1	1	1.0704801124250036	1.0624548175714488	1.1426614572969986
SRR13710812	1	2	1	1.0150922412825916	1.102782510209499	1.1697156473701649
SRR13908940	1	1	1	0.9873352800498328	1.1597807861062162	1.0891347684298631
SRR14252433	1	1	1	0.9247069876406796	0.9423397546077612	1.1001795876699534
SRR14590383	1	1	1	1.1439263756095306	0.9368066366839048	1.043520926245994
SRR14802832	-1	-1	-1	1.5497234994338729	2.0021854306020903	1.115331695677647
SRR14802833	1	1	1	0.9563305332251286	0.9904697400060236	1.039082293803553
SRR14802860	-1	1	-1	1.1158671118172276	1.3534789394385551	1.1584833527228828
SRR14802866	-1	-1	-1	1.16927391568655	1.0904959928176186	1.2927972033874042
SRR14802869	-1	1	-1	1.0574213977216074	1.2042168710394052	1.2134394100703096
SRR14802876	1	1	1	0.979230383544728	0.8446129879210866	0.7549944641538554
SRR14802877	1	1	1	1.0638146853939447	1.075202168603643	1.146668643915791
SRR14802885	-1	1	-1	1.1732742914292271	1.029132350485442	0.9628957957109786
SRR14802886	1	2	1	1.0405102446957442	2.0554177065926105	1.0171527591786007
SRR14802890	1	1	1	1.0045038415475502	1.0696169889565093	0.9833780690197524
SRR14802900	1	1	1	0.933685978039728	1.0100879038752135	0.9507067191892148
SRR14802901	-1	-1	-1	1.038660367779636	1.1064431316511285	1.098257948739896
SRR14802909	-1	1	-1	1.142829627263049	1.2200466361708069	1.282283065424272
SRR14802913	-1	-1	-1	1.1880651205746156	1.2095969417919157	1.269306997703656
SRR14802923	1	1	1	1.1610232842847763	1.1368961659865715	1.1556788252546697
SRR14802930	1	1	1	0.9550294226718424	0.9382583148243409	1.0224633125391756
SRR14802937	1	1	1	1.0913258219095814	1.0962911151911563	1.0862000169948425
SRR14802941	-1	-1	-1	1.3162393591403572	1.3090176692981508	1.2332016534724863
SRR14996559	1	1	1	0.9439431036790796	0.9846231052814476	1.0157980920717986
SRR14996561	1	1	1	0.9752136150671096	0.9905581876895432	1.089997855008558
SRR14996563	1	1	1	0.9484298864547778	0.9825103010175532	1.0802808722796036
SRR15006195	1	1	1	0.9028927638135296	0.9135008441519724	1.0245997992328577
SRR15006197	1	1	1	0.9100957536042196	0.9430569260853908	1.0999833111470585
SRR15006201	1	1	1	0.8940958493885931	0.8944074547670423	1.0471115058036866
SRR15192314	1	2	1	1.167947365983086	1.1574772092824697	1.1714692972927518
SRR15309582	1	1	1	1.0718418602394162	1.144575549753067	0.9663736828946624
SRR15309589	1	1	1	1.1172170249966058	1.1006347715951592	1.007209887572545
SRR15309591	1	1	1	1.1355257112879589	1.088329586185551	0.970462378852399
SRR15309599	1	1	1	0.9851734832652812	1.0565486528271717	1.0755520125037568
SRR15309605	1	-1	1	0.916087466516091	1.0015152735321928	1.0571978492932506
SRR15309606	1	1	1	0.9237747768822312	0.992693025242769	1.028853599387897
SRR15309609	1	1	1	0.912239139545711	0.8926709554719686	1.084487186350224
SRR15309610	1	1	1	0.918608954974972	0.88705846179819	1.043697446161396
SRR15309616	1	1	1	0.892117530080269	1.0228932610006087	1.0479507768977996
SRR15309617	1	1	1	0.8442933331742483	0.8932133140547102	1.0194010730003795
SRR15309626	1	1	1	0.9854138612354864	1.099411311420338	1.0198793538004516
SRR16481613	1	3	1	0.9661480677354392	2.907411351375165	0.9960036373126412
SRR17326414	1	1	1	1.1089483778742133	1.0805713972090345	1.1292027741293444
SRR17326417	1	1	1	1.1086450775322194	1.189174141706052	1.0712562176945286
SRR17577050	1	1	1	1.007966477655284	0.9524879311506624	1.1737062454980756
SRR17577053	1	1	1	1.067413119499877	1.1186333435866582	0.9913444765121756
SRR17577067	1	1	1	0.9513215119015476	1.0457367318872697	1.006303625245561
SRR17577068	1	1	1	1.0067230213434526	0.9147301336104652	1.1137686782767249
SRR17577075	1	1	1	1.0857406690418467	1.0569285664793853	0.9527376068829652
SRR17577076	1	1	1	1.0317018203083677	1.000173277616547	1.0620079419349888
SRR17577086	1	1	1	0.9329558731124454	0.9019208473289096	1.1248264358867064
SRR17577093	1	1	1	0.98818551481495	0.8921154354386405	1.171278697577721
SRR17577097	1	1	1	1.0227210620722431	1.034480899812115	0.9927790121014698
SRR17577102	1	1	1	0.9015265904384844	0.9615197609061248	1.0294778626417431
SRR17577104	1	1	1	0.960286614877782	0.8453050283871283	1.102162401953463
SRR17577106	1	1	1	1.01515498453222	0.8978451777790671	1.0690115494950585
SRR17577116	1	1	1	1.0103356822933651	0.9978511976606446	0.9920562195060766
SRR18117951	1	5	1	1.002940877648852	4.716865615376303	0.9238311391749826
SRR18117958	1	1	1	0.9950120983628048	0.9016224048729746	1.052989293838483
SRR18117961	1	5	1	1.0094301552361205	15.06481798411524	1.0785717476914105
SRR18432276	1	1	1	0.977708964339174	1.166322272882503	1.1364854483445956
SRR18432278	1	1	1	0.9921912092372231	1.0796136294887575	1.078131170341493
SRR33388474	1	5	1	1.0770678924944934	9.81132647374718	1.0089549085053784
