sample_id	blaSHV	crr_blaSHV
DRR150325	1	0.7259395364804486
DRR150339	1	0.7747551838036807
DRR150413	1	0.9102480549713792
ERR024819	1	0.9104844912780548
ERR024833	1	0.8431608013463698
ERR024835	1	0.9614505008191376
ERR024847	-1	0.0
ERR024852	1	0.8940051328658027
ERR025103	1	0.8701047369926724
ERR025104	1	0.8866435766946934
ERR025113	1	0.6762932866015728
ERR025114	1	0.681308857240363
ERR025118	1	0.744878174804873
ERR025119	1	0.6711463036725671
ERR025126	-1	0.8215167889789954
ERR025131	-1	0.7046620156182554
ERR025134	-1	0.80019742219973
ERR025138	-1	0.7807877233573921
ERR025140	-1	0.7336558873928675
ERR025142	-1	0.6103427282055933
ERR025473	1	0.931776515446652
ERR025486	2	2.5488701857223908
ERR025489	1	0.8068702292952652
ERR025492	1	1.0163074950645217
ERR025495	1	1.5815128200491868
ERR025497	1	0.8566457462200308
ERR025502	1	1.0692597480421095
ERR025511	1	0.9293867207015014
ERR025521	1	0.8467255611390724
ERR025522	1	0.7678806776510119
ERR025531	1	0.9309496620076212
ERR025536	1	0.7235068610289497
ERR025543	1	0.7759506869443406
ERR025549	1	0.6735243396804749
ERR025553	-1	0.8761072960410742
ERR025558	-1	0.8333695519124111
ERR025560	-1	2.563558635063945
ERR025563	-1	0.6776235499521607
ERR025582	-1	0.8816867402834451
ERR025590	-1	0.7956554055193803
ERR025596	-1	0.6432311388997615
ERR025599	-1	0.7099002750908903
ERR025602	-1	0.7561498279910894
ERR025603	-1	0.7268168277299619
ERR025606	1	0.6664821046556538
ERR025607	1	0.780196301558423
ERR025610	1	0.5661248533020832
ERR025614	1	0.6838417585109999
ERR025632	-1	3.6502224268521934
ERR025637	1	0.9948645094326344
ERR025640	-1	0.9311597765094156
ERR025641	1	0.8351676655687804
ERR025644	-1	0.95565947625877
ERR025646	2	3.5549770289766225
ERR025647	2	2.0860618003274936
ERR025651	-1	1.0821762575000424
ERR025653	-1	0.648819474099509
ERR025658	1	0.7179732641395847
ERR025659	1	0.8194288779538174
ERR025661	1	1.7228062743535784
ERR025664	2	5.886539597427638
ERR025668	1	0.7031058134771552
ERR025679	1	1.0844851232325554
ERR025981	-1	0.7171484277752725
ERR025986	-1	0.4067339606578673
ERR025998	2	2.992402886644705
ERR10016582	2	4.223718374138638
ERR10016620	5	9.646723869001963
ERR10016636	1	0.89038033948205
ERR10016641	2	1.8178192122469088
ERR10016665	1	0.8491896001589139
ERR10016666	2	5.812586388355221
ERR10016684	2	8.533227918565952
ERR10016688	2	7.167724496249369
ERR10016699	2	4.229160529543465
ERR10017972	1	0.7573049710712547
ERR10019338	1	0.7473336312959491
ERR10030657	1	0.8024810058890798
ERR10030691	1	0.8010104216876409
ERR10030697	1	0.7452053729954347
ERR10030712	1	0.9255338709543944
ERR10030721	1	0.9003894464358358
ERR10030723	1	0.7712982473876728
ERR10030738	2	2.073730812090948
ERR10030753	1	0.7911280928365197
ERR10030755	1	0.776728203168121
ERR10030757	1	0.8266679115169653
ERR10030769	1	0.8466870546096242
ERR10030815	1	0.8810215725363071
ERR10030818	1	0.8111224473025271
ERR10030839	1	0.8897209328477819
ERR10030842	2	2.703595476989931
ERR10030844	1	0.7836249856630376
ERR10030855	2	2.7819188585853283
ERR10030858	1	0.865010539653304
ERR10030865	1	0.9160348759735736
ERR10030868	1	0.9808673532921092
ERR10030879	1	0.9802333651997324
ERR10030883	1	1.0481282384055617
ERR10030888	1	0.9668348803338372
ERR10030890	1	0.9633204714790734
ERR10030893	1	1.039462355536981
ERR10030895	1	0.8883766885966989
ERR10030898	1	0.9321719362446326
ERR10030913	1	1.0836736559169509
ERR10030915	1	0.9029825101399188
ERR10030962	1	0.8818535162186483
ERR10030964	1	1.0055863134505156
ERR10030967	1	0.8963420384353155
ERR10030983	1	0.7997063488572508
ERR10030996	1	0.936761625963219
ERR10031011	1	1.1290570827448947
ERR10031012	1	1.0624119690308
ERR10031023	1	0.8616127553737043
ERR10031039	-1	0.0
ERR10031040	2	2.57894712570652
ERR10031043	1	0.6704490975336584
ERR10031044	1	0.8982109052541399
ERR10031049	1	0.8390871161220018
ERR10031061	1	0.8337071793265206
ERR10031065	1	0.8645117243928825
ERR10031098	1	0.8888378054800158
ERR10031118	1	0.7909681192027123
ERR10031127	1	0.6420201847592177
ERR10031137	1	0.732517179376335
ERR10031143	1	1.5371452977813835
ERR10039993	-1	0.5479169044555458
ERR10040002	2	2.277658036827121
ERR10040003	2	14.0588895532771
ERR10040005	1	0.8684564260864497
ERR10040020	1	0.9440358146302192
ERR10040023	1	1.1948467646203018
ERR10040036	1	1.228640664573473
ERR10040045	1	0.858783881449988
ERR10040060	1	1.0714917728756397
ERR10040065	1	0.7674471003232884
ERR10040068	1	0.957016850934753
ERR10040071	1	0.7905336326799891
ERR10040080	1	0.9932099000548292
ERR10040100	1	0.9667441071068874
ERR10040104	1	0.968508196993066
ERR10040105	1	0.857178088105035
ERR1008637	1	0.9873621298745996
ERR1008640	1	0.9839878468573828
ERR1008646	1	1.087828409227077
ERR1008649	1	0.9836601447783236
ERR1008651	1	0.9601420228395892
ERR1008667	1	1.0810706415809714
ERR1008673	1	0.8997794084151829
ERR1008676	1	1.023743545731847
ERR1008679	1	0.9720787129846968
ERR1008681	1	0.9831976732324704
ERR1008690	1	1.043830555888849
ERR1008691	1	1.0216662686908144
ERR1008692	1	1.083327559927784
ERR1008695	1	1.0462479153783943
ERR1008697	1	0.9517131392514474
ERR1008699	1	0.9020529702874516
ERR1008706	1	0.9349608606493588
ERR1008710	1	0.8613777533396861
ERR1008716	1	0.9697073683573652
ERR1008719	1	1.0256324135340733
ERR1008757	1	1.1574832152827084
ERR1008765	1	0.9277487329140928
ERR1008770	1	1.009218856536644
ERR1008782	1	1.0735969825833989
ERR10106044	1	0.6967396186985589
ERR1015282	1	1.0187168613986568
ERR1015285	1	1.1269485392677447
ERR1015292	1	0.9634430322151344
ERR1015300	1	0.9474975769455624
ERR1015309	1	1.1187287528220478
ERR10178326	1	0.6956143023128797
ERR10178493	1	0.6323715720607944
ERR10230823	1	0.7831216399636116
ERR1023628	1	1.0622398436661542
ERR1023634	1	1.0080665987683424
ERR1023637	1	0.9888352818227392
ERR1023640	1	0.9410913462463948
ERR1023642	1	1.1264600818398431
ERR1023669	1	1.0049497762905235
ERR1023672	1	1.1105512104982738
ERR1023677	1	1.044787782850124
ERR1023686	1	1.087831035730836
ERR1023688	1	1.0023836125044914
ERR1023694	1	0.9574404170075776
ERR1023701	1	1.0032046408838005
ERR1023722	1	0.785445135130181
ERR1023724	1	0.9472433060950012
ERR1023738	1	0.949489067744285
ERR1023744	1	0.96714695108091
ERR1023746	1	0.908125967954514
ERR1023766	1	0.9342527201233842
ERR1023777	1	1.0036726810119283
ERR1023779	1	0.9716938945618088
ERR1023783	1	1.0449461252041603
ERR1023789	1	0.9199426211998676
ERR1023796	1	0.9811534669939798
ERR1023807	1	1.0067485020849058
ERR1023811	1	0.9258543530364702
